date,leadtime,sc_0,sc_1,sc_2,sc_3,sc_4,sc_5,sc_6,sc_7,sc_8,sc_9,sc_10,sc_11,sc_12,sc_13,sc_14,sc_15,sc_16,sc_17,sc_18,sc_19,sc_20,sc_21,sc_22,sc_23,sc_24,mean,obs
2016-10-01,1,3.14,4.61,1.61,8.83,0.35,1.15,5.71,0.3,4.18,2.31,2.77,2.97,0.13,1.74,2.84,1.54,0.36,0.06,10.68,0.55,2.64,8.26,0.66,3.19,0.0,2.82,0.01
2016-10-02,1,23.63,14.060000000000002,23.240000000000002,54.440000000000005,14.72,28.3,32.85,19.98,16.48,21.05,24.5,43.56,12.1,41.57,15.420000000000002,35.63,15.719999999999999,6.87,45.46,7.94,31.130000000000003,49.5,7.93,26.27,23.53,25.44,0.3
2016-10-03,1,0.9499999999999993,0.2699999999999996,0.46999999999999886,7.089999999999996,0.4800000000000004,2.0,4.269999999999996,0.35999999999999943,2.1900000000000013,3.969999999999999,0.5599999999999987,2.0,0.4599999999999991,14.619999999999997,0.46999999999999886,1.6000000000000014,4.080000000000002,5.540000000000001,0.9500000000000028,0.27999999999999936,0.6099999999999994,10.259999999999998,0.9100000000000001,0.8599999999999994,2.16,2.7,16.57
2016-10-04,1,1.7300000000000004,0.17999999999999972,1.6699999999999982,0.20999999999999375,0.1999999999999993,0.33000000000000185,2.8299999999999983,0.019999999999999574,1.3099999999999987,0.13000000000000256,0.10000000000000142,0.3200000000000003,1.1600000000000001,0.29999999999999716,0.7100000000000009,0.3999999999999986,0.17999999999999972,0.009999999999999787,6.689999999999998,0.11000000000000121,0.3299999999999983,0.04000000000000625,0.4299999999999997,0.3099999999999987,0.23000000000000043,0.8,0.15
2016-10-05,1,5.029999999999998,0.8000000000000007,6.949999999999999,17.430000000000007,1.5700000000000003,1.7199999999999989,6.660000000000004,0.7100000000000009,0.9600000000000009,0.5399999999999991,0.7300000000000004,0.740000000000002,10.700000000000001,0.740000000000002,0.4499999999999993,0.44999999999999574,1.2300000000000004,0.6199999999999992,4.420000000000002,0.34999999999999964,1.6000000000000014,1.0999999999999943,2.450000000000001,0.6700000000000017,5.629999999999999,2.97,19.37
2016-10-06,1,0.0,1.3399999999999999,0.03999999999999915,0.4399999999999977,0.019999999999999574,0.3200000000000003,0.00999999999999801,0.6499999999999986,3.1999999999999993,1.1600000000000001,0.2699999999999996,0.6399999999999935,0.870000000000001,1.1799999999999997,2.1999999999999993,0.8700000000000045,0.8299999999999983,0.08999999999999986,3.319999999999993,0.2400000000000002,0.030000000000001137,0.37000000000000455,0.5599999999999987,0.08999999999999986,0.3200000000000003,0.76,0.07
2016-10-07,1,0.0,1.759999999999998,0.3100000000000023,0.0,0.0,0.38000000000000256,0.010000000000005116,0.05000000000000071,0.39000000000000057,0.25,0.0,0.13000000000000256,0.05999999999999872,0.05000000000000426,0.4200000000000017,0.3399999999999963,0.6900000000000013,0.14000000000000057,3.1200000000000045,0.02999999999999936,0.0,0.010000000000005116,0.009999999999999787,0.08999999999999986,0.629999999999999,0.35,8.08
2016-10-08,1,0.04000000000000625,4.400000000000002,0.8000000000000043,0.07000000000000739,0.4400000000000013,0.28999999999999915,3.569999999999993,7.879999999999999,9.39,3.41,0.05000000000000071,0.21000000000000085,1.9899999999999984,0.0,2.289999999999999,0.5700000000000003,1.2800000000000011,2.9999999999999982,30.879999999999995,0.1999999999999993,0.30999999999999517,0.029999999999986926,6.07,4.349999999999998,5.340000000000003,3.47,10.8
2016-10-09,1,0.8999999999999986,5.030000000000001,0.9799999999999969,0.14999999999999147,0.5599999999999987,1.1299999999999955,0.9300000000000068,0.4700000000000024,10.129999999999995,6.100000000000001,0.14999999999999858,0.0,0.9200000000000017,0.259999999999998,16.109999999999996,0.0,0.129999999999999,0.11000000000000298,2.990000000000009,0.010000000000001563,3.3800000000000026,8.690000000000012,4.379999999999999,5.240000000000002,1.3799999999999955,2.81,0.01
2016-10-10,1,0.1599999999999966,32.33,24.060000000000002,2.240000000000009,0.8599999999999994,0.25,0.5699999999999932,0.06999999999999673,0.36000000000000654,0.8299999999999983,1.6900000000000013,1.1899999999999977,0.0,0.03999999999999915,0.18000000000000682,0.19000000000000483,1.7899999999999991,2.129999999999999,2.4399999999999977,13.27,1.009999999999998,2.059999999999988,0.16000000000000014,1.0799999999999983,2.1700000000000017,3.65,0.0
2016-10-11,1,3.3000000000000043,14.039999999999992,46.10999999999999,0.030000000000001137,0.03999999999999915,0.0,0.39000000000000057,0.0,3.009999999999998,0.18999999999999773,0.41999999999999815,2.3599999999999994,0.28000000000000114,0.030000000000001137,0.03999999999999915,0.03999999999999915,0.4700000000000024,0.370000000000001,0.04999999999999716,0.0,0.46000000000000085,1.0,0.0,0.0799999999999983,0.5499999999999972,2.93,0.0
2016-10-12,1,37.71999999999999,2.0800000000000125,8.420000000000002,0.05999999999998806,0.030000000000001137,0.07000000000000028,0.39000000000000057,0.0,10.399999999999999,0.020000000000003126,0.9499999999999993,2.270000000000003,0.4799999999999969,0.00999999999999801,0.0,2.1999999999999957,0.10999999999999943,9.599999999999998,0.0,0.0,3.759999999999998,4.220000000000013,0.060000000000002274,0.2600000000000051,0.6799999999999997,3.35,0.0
2016-10-13,1,14.27000000000001,0.519999999999996,2.6599999999999966,0.6800000000000068,0.019999999999999574,0.060000000000002274,0.46999999999999886,0.490000000000002,0.7800000000000011,0.00999999999999801,4.310000000000002,0.00999999999999801,0.38000000000000256,52.49,0.0899999999999963,4.329999999999998,0.16000000000000014,7.050000000000004,0.0,0.05000000000000071,2.0500000000000043,0.0899999999999892,0.11999999999999744,0.6799999999999997,0.4100000000000037,3.69,0.0
2016-10-14,1,15.399999999999991,0.20000000000000284,48.01000000000002,8.89,0.010000000000001563,0.4099999999999966,6.320000000000007,19.45,1.1499999999999986,0.05000000000000426,17.36,0.0,10.310000000000002,32.06,0.38000000000000256,1.5400000000000063,2.289999999999999,3.8899999999999935,0.0,0.18999999999999773,0.0799999999999983,2.6000000000000085,0.4800000000000004,4.100000000000001,0.1700000000000017,7.01,0.0
2016-10-15,1,21.89999999999999,0.0799999999999983,3.4399999999999977,1.3199999999999932,0.14000000000000057,0.0,1.3299999999999983,7.310000000000002,10.649999999999999,0.00999999999999801,26.58,0.0,0.01999999999999602,3.25,0.759999999999998,0.3399999999999963,0.23000000000000043,17.260000000000005,0.0,0.010000000000001563,2.4099999999999966,0.8299999999999983,5.16,0.4799999999999969,0.18999999999999773,4.15,0.0
2016-10-16,1,1.6800000000000068,0.0,0.5300000000000011,0.8100000000000023,0.629999999999999,0.010000000000005116,1.25,2.9199999999999946,3.4099999999999966,0.3200000000000003,0.6400000000000006,0.0,0.0,1.1599999999999966,0.20000000000000284,4.850000000000001,0.16000000000000014,0.14000000000000057,1.1700000000000017,0.3299999999999983,9.740000000000002,0.06999999999999318,0.010000000000001563,0.0,0.28000000000000114,1.21,1.24
2016-10-17,1,1.5999999999999943,0.23000000000000398,0.789999999999992,0.030000000000001137,12.649999999999999,0.04999999999999716,6.929999999999993,0.060000000000002274,0.23000000000000398,0.00999999999999801,5.049999999999997,1.3299999999999983,0.0,2.4000000000000057,0.030000000000001137,2.530000000000001,0.05999999999999872,0.0,0.5600000000000023,0.4800000000000004,6.080000000000005,1.8599999999999994,0.00999999999999801,0.0,0.0,1.72,0.25
2016-10-18,1,0.5500000000000114,0.029999999999986926,0.0,0.0,0.6200000000000045,0.030000000000001137,4.240000000000009,1.25,0.04000000000000625,0.0,5.109999999999999,0.09000000000000341,1.25,6.219999999999999,0.769999999999996,0.6299999999999955,0.6799999999999997,0.0,0.10999999999999943,0.0,0.0,0.05000000000001137,0.020000000000003126,0.3200000000000003,0.0,0.88,0.01
2016-10-19,1,48.5,0.010000000000005116,0.020000000000010232,0.3400000000000034,2.5999999999999943,0.240000000000002,0.0,2.3200000000000074,0.030000000000001137,0.00999999999999801,0.1700000000000017,7.68,0.0,7.939999999999998,2.289999999999999,0.45000000000000284,1.4700000000000024,0.00999999999999801,0.0,0.0,1.0999999999999943,0.269999999999996,0.04999999999999716,0.0,0.0,3.02,0.0
2016-10-20,1,10.159999999999997,0.0,4.159999999999997,2.75,0.060000000000002274,0.0,0.1599999999999966,0.11999999999999034,0.0799999999999983,0.3200000000000003,0.020000000000010232,0.45999999999999375,0.00999999999999801,0.0,7.770000000000003,3.6899999999999977,0.8699999999999974,0.0,5.719999999999999,0.0,0.8100000000000023,0.060000000000002274,0.060000000000002274,0.0,27.450000000000003,2.59,0.1
2016-10-21,1,0.6100000000000136,0.269999999999996,0.0,0.5300000000000011,0.020000000000003126,1.2999999999999972,0.5799999999999983,0.6899999999999977,0.0,0.8700000000000045,2.1299999999999955,0.2400000000000091,0.0,0.009999999999990905,2.5700000000000003,5.290000000000006,5.420000000000002,0.03999999999999915,2.1599999999999966,0.0,0.6400000000000006,0.0,0.6899999999999977,2.3900000000000006,2.2099999999999937,1.15,0.13
2016-10-22,1,1.4599999999999795,0.0,0.1599999999999966,0.0,0.12999999999999545,0.0799999999999983,4.170000000000002,0.8500000000000085,2.9799999999999898,0.35999999999999943,9.519999999999996,0.009999999999990905,0.0,0.010000000000019327,15.160000000000004,0.03999999999999204,0.030000000000001137,1.0700000000000003,10.659999999999997,0.4499999999999993,0.3400000000000034,2.839999999999989,9.61,6.519999999999996,0.5100000000000051,2.68,0.19
2016-10-23,1,10.590000000000003,0.0,3.9599999999999795,0.4099999999999966,0.21000000000000085,0.0,4.280000000000001,0.1799999999999926,9.510000000000005,9.409999999999997,1.2199999999999989,0.020000000000010232,0.0,2.2399999999999807,0.3299999999999983,0.0,0.11999999999999744,0.030000000000001137,1.3400000000000034,0.3100000000000023,0.28999999999999204,0.04000000000000625,0.03999999999999915,0.0,0.9599999999999937,1.82,1.95
2016-10-24,1,20.860000000000014,0.04000000000000625,3.460000000000008,0.7999999999999972,0.020000000000003126,0.0,0.9299999999999926,0.0,0.1700000000000017,0.0,0.01999999999999602,6.200000000000003,7.1200000000000045,0.010000000000019327,0.4200000000000017,0.04999999999999716,0.240000000000002,0.00999999999999801,0.3199999999999932,0.0,0.04999999999999716,0.3499999999999943,0.05000000000000426,0.19000000000000483,0.21000000000000796,1.66,0.03
2016-10-25,1,0.28000000000000114,1.1599999999999966,0.030000000000001137,0.10000000000000853,0.1599999999999966,5.810000000000002,0.030000000000001137,0.4300000000000068,2.9000000000000057,0.0,7.410000000000011,3.25,1.5300000000000011,0.01999999999998181,0.06999999999999318,0.6200000000000045,0.01999999999999602,-0.00999999999999801,0.010000000000019327,0.0,0.39000000000000057,0.7800000000000011,0.0899999999999963,0.0,0.8699999999999903,1.04,23.32
2016-10-26,1,0.29999999999998295,2.460000000000008,0.28999999999999204,0.030000000000001137,1.2899999999999991,2.5900000000000034,8.61,0.06999999999999318,12.009999999999991,0.12000000000000455,0.36999999999999034,0.029999999999986926,3.009999999999998,0.010000000000019327,0.010000000000005116,0.21000000000000796,0.0,0.5499999999999972,0.009999999999990905,0.39000000000000057,0.13000000000000966,0.14000000000000057,0.0,2.0899999999999963,0.0,1.39,0.07
2016-10-27,1,1.4300000000000068,0.01999999999999602,2.8600000000000136,5.599999999999994,0.020000000000003126,0.0,4.52000000000001,2.5900000000000034,49.0,2.1699999999999946,0.0,0.0800000000000125,0.25,2.6499999999999773,0.009999999999990905,2.4799999999999898,0.0,0.25,0.03999999999999204,0.9599999999999973,0.4099999999999966,0.060000000000002274,0.010000000000005116,15.04,25.210000000000008,4.63,0.0
2016-10-28,1,0.4300000000000068,0.480000000000004,0.06999999999999318,14.560000000000002,4.579999999999998,0.04999999999999716,0.0,0.18000000000000682,8.120000000000005,0.6500000000000057,0.05000000000001137,0.009999999999990905,0.00999999999999801,0.020000000000010232,0.07000000000000739,3.1099999999999994,0.0,2.3500000000000014,0.010000000000019327,0.0,0.75,3.3900000000000006,0.17999999999999972,0.04000000000000625,1.2000000000000028,1.61,2.49
2016-10-29,1,2.0900000000000034,0.0,0.09000000000000341,4.439999999999998,1.1199999999999974,0.28000000000000114,0.22999999999998977,0.0,0.0,0.5399999999999991,0.3499999999999943,0.0,0.0,0.28000000000000114,0.009999999999990905,0.0,0.0,13.800000000000004,0.21999999999999886,0.0,0.5100000000000051,26.480000000000004,0.00999999999999801,0.0,2.4399999999999977,2.12,0.13
2016-10-30,1,18.25,1.6400000000000006,2.140000000000015,0.18000000000000682,0.6400000000000006,0.0,0.4900000000000091,0.0,0.0,0.030000000000001137,0.7900000000000063,0.8700000000000045,0.240000000000002,2.1999999999999886,3.220000000000013,7.310000000000002,0.020000000000003126,0.3499999999999943,1.3899999999999864,0.0,0.009999999999990905,14.86999999999999,1.009999999999998,0.18999999999999773,1.0600000000000023,2.28,0.0
2016-10-31,1,0.18999999999999773,15.129999999999995,0.539999999999992,0.0,0.010000000000005116,0.01999999999999602,0.7199999999999989,-0.020000000000010232,0.009999999999990905,0.5899999999999963,0.0,0.37000000000000455,0.46000000000000085,0.060000000000002274,1.2999999999999972,2.4099999999999966,0.01999999999999602,0.010000000000005116,2.1500000000000057,0.11000000000000298,0.1599999999999966,1.170000000000016,4.060000000000002,0.4200000000000017,0.0,1.2,0.0
2016-11-01,2,0.0,17.489999999999995,0.12999999999999545,0.44999999999998863,3.0899999999999963,0.0,1.2099999999999937,1.3200000000000074,0.06999999999999318,0.5399999999999991,0.0,0.0,1.0300000000000011,0.0,0.7599999999999909,0.0,0.0,0.060000000000002274,1.5300000000000011,0.5299999999999976,0.0,0.0,0.00999999999999801,0.0,0.01999999999999602,1.13,0.0
2016-11-02,2,0.0,0.10999999999999943,0.15000000000000568,0.0,1.3699999999999974,0.6799999999999997,0.1700000000000017,5.549999999999997,0.3800000000000239,0.060000000000002274,0.0899999999999892,0.0,0.03999999999999915,0.0,0.29000000000000625,0.0,0.05000000000000426,0.269999999999996,0.5999999999999943,0.0,0.0800000000000125,0.0,9.090000000000003,0.0,0.12999999999999545,0.76,0.0
2016-11-03,2,0.030000000000001137,0.010000000000005116,0.0,0.11000000000001364,0.30000000000000426,0.010000000000005116,0.010000000000005116,0.29999999999999716,0.6199999999999761,0.12999999999999545,1.3599999999999994,9.739999999999995,-0.010000000000005116,0.0,0.0,0.05000000000001137,0.0899999999999963,1.5900000000000034,3.4499999999999886,0.08000000000000185,0.0,0.0,27.57999999999999,0.009999999999990905,6.040000000000006,2.06,0.15
2016-11-04,2,0.8400000000000034,0.5,0.0,0.28999999999999204,0.0,0.0,2.1299999999999955,1.1899999999999977,0.0,0.5500000000000043,2.0400000000000063,10.239999999999995,0.0,0.3900000000000148,0.06999999999999318,0.05999999999998806,5.450000000000003,0.03999999999999204,0.0,0.0,0.14000000000000057,0.0,1.3900000000000006,0.27000000000001023,0.009999999999990905,1.02,0.0
2016-11-05,2,0.11999999999997613,0.01999999999999602,0.0,0.0,0.990000000000002,0.0,1.6500000000000057,0.4000000000000057,0.010000000000019327,0.00999999999999801,0.0,0.0,0.0,2.1299999999999955,0.010000000000005116,0.5900000000000034,1.5499999999999972,0.0,3.8600000000000136,0.34999999999999787,0.13999999999998636,0.13999999999998636,4.650000000000006,0.5999999999999943,0.060000000000002274,0.69,0.02
2016-11-06,2,0.010000000000019327,0.0,1.5,0.09999999999999432,0.22999999999999687,8.949999999999996,1.6599999999999966,0.01999999999999602,0.0,0.0,0.010000000000005116,0.0,0.09000000000000341,0.0,0.0,0.21999999999999886,5.030000000000001,0.0,4.969999999999999,12.810000000000002,0.18000000000000682,0.28000000000000114,0.7800000000000011,15.620000000000005,2.4000000000000057,2.19,0.44
2016-11-07,2,0.009999999999990905,0.0,1.0300000000000011,1.0800000000000125,0.4200000000000017,0.9400000000000048,0.03999999999999204,0.1700000000000017,0.5999999999999943,0.0,0.37999999999999545,0.0,0.0,4.240000000000009,8.680000000000007,0.3100000000000023,17.03,0.010000000000005116,2.319999999999993,0.240000000000002,0.8499999999999943,0.0,0.0,1.7399999999999949,0.28000000000000114,1.61,1.64
2016-11-08,2,0.0,0.0,0.0,0.01999999999998181,0.00999999999999801,0.0,1.8700000000000045,0.3100000000000023,0.009999999999990905,0.03999999999999915,0.5300000000000011,0.0,0.0,1.6699999999999875,0.29999999999999716,0.0,5.75,0.1599999999999966,0.0,0.0,0.6000000000000085,0.05000000000001137,0.0,1.5900000000000034,0.46999999999999886,0.54,1.72
2016-11-09,2,0.0,0.0,0.009999999999990905,0.020000000000010232,0.0,1.6199999999999974,0.0,0.12999999999999545,0.0,0.4200000000000017,0.25,0.020000000000010232,0.0,0.710000000000008,0.4399999999999977,0.0,0.01999999999999602,0.37000000000000455,0.010000000000019327,0.04999999999999716,5.179999999999993,0.0,0.01999999999999602,0.0,0.0,0.37,0.0
2016-11-10,2,0.009999999999990905,0.060000000000002274,0.4300000000000068,0.060000000000002274,0.00999999999999801,0.28999999999999915,0.0,0.030000000000001137,0.21000000000000796,0.03999999999999915,0.23999999999999488,0.0,1.8800000000000026,0.1699999999999875,0.030000000000001137,0.18000000000000682,0.020000000000010232,8.950000000000003,0.029999999999972715,0.0,2.410000000000011,0.01999999999998181,0.14000000000000057,0.0,0.0,0.61,1.58
2016-11-11,2,0.0,0.0,0.0,0.21000000000000796,0.13000000000000256,0.0,0.0,0.0,1.039999999999992,2.990000000000002,0.0,0.0,6.449999999999996,0.009999999999990905,0.0,0.09999999999999432,0.28000000000000114,5.8999999999999915,0.0,0.030000000000001137,0.01999999999999602,1.1500000000000057,0.0,0.6099999999999994,0.03999999999999204,0.76,0.62
2016-11-12,2,5.880000000000024,0.0,0.009999999999990905,0.3599999999999852,0.0,3.1700000000000017,11.64,0.0,0.6599999999999966,2.1799999999999997,1.9699999999999989,0.0,0.8400000000000034,0.060000000000002274,0.0,0.0,0.0,0.04000000000000625,0.0,0.01999999999999602,0.009999999999990905,1.0800000000000125,0.0,0.5999999999999943,0.10999999999999943,1.15,0.0
2016-11-13,2,0.09999999999999432,0.28000000000000114,0.020000000000010232,0.46999999999999886,0.0,0.3299999999999983,0.060000000000002274,0.0,2.8500000000000227,0.0,0.27000000000001023,0.0,0.01999999999999602,0.0,0.030000000000001137,0.29999999999999716,0.009999999999990905,1.4399999999999977,0.0,0.12000000000000455,0.0,0.6899999999999977,0.0,2.5700000000000074,1.0900000000000034,0.43,0.02
2016-11-14,2,0.0,0.12000000000000455,0.04999999999998295,0.28999999999999204,0.0,0.0,1.8900000000000006,0.0,0.789999999999992,0.0,0.03999999999999204,0.0,0.0799999999999983,0.4300000000000068,0.1599999999999966,1.0200000000000102,0.269999999999996,5.789999999999992,0.020000000000010232,3.1599999999999966,0.0,0.009999999999990905,0.010000000000005116,0.04999999999999716,0.09000000000000341,0.57,0.0
2016-11-15,2,4.0800000000000125,4.199999999999989,0.0,0.2300000000000182,1.1499999999999986,0.0,0.75,2.1099999999999994,0.0,0.7999999999999972,0.04000000000000625,0.03999999999999204,0.7800000000000011,0.21999999999999886,0.12000000000000455,0.3499999999999943,0.010000000000005116,0.9300000000000068,0.30000000000001137,0.0,0.0,3.530000000000001,6.11999999999999,0.04999999999999716,1.5699999999999932,1.1,0.0
2016-11-16,2,0.0999999999999659,0.0,1.8400000000000034,0.060000000000002274,0.030000000000001137,3.010000000000005,0.25,0.0,0.0,1.519999999999996,0.09999999999999432,0.269999999999996,0.04000000000000625,0.0,0.7800000000000011,0.01999999999999602,0.15000000000000568,0.10999999999999943,0.0,0.0,0.0,0.9799999999999898,1.740000000000009,0.0,3.690000000000012,0.59,0.0
2016-11-17,2,0.0,4.429999999999993,0.0,0.0,0.0,0.060000000000002274,0.0,0.030000000000001137,0.030000000000001137,1.2000000000000028,0.0,0.010000000000005116,0.009999999999990905,0.03999999999999204,0.0,0.0,0.28999999999999204,2.3900000000000006,0.22999999999998977,0.07000000000000028,0.030000000000001137,0.0,0.01999999999999602,0.0,0.5599999999999881,0.38,0.0
2016-11-18,2,3.7100000000000364,1.3700000000000045,0.0,0.25,0.35999999999999943,1.8699999999999903,0.21999999999999886,0.0,3.1699999999999875,0.04999999999999716,0.0,0.0,0.13000000000000966,0.8700000000000045,0.10999999999999943,0.020000000000010232,0.0,1.3400000000000034,0.03999999999999204,2.5799999999999983,0.15000000000000568,0.0,0.21999999999999886,0.46000000000000796,13.580000000000013,1.22,4.75
2016-11-19,2,1.4799999999999613,0.0700000000000216,0.4800000000000182,0.3100000000000023,0.3299999999999983,0.030000000000001137,1.3100000000000023,0.0,0.21999999999999886,0.09000000000000341,0.37000000000000455,0.0,0.009999999999990905,0.030000000000001137,0.5799999999999983,0.009999999999990905,0.6899999999999977,0.14999999999999147,0.9000000000000057,4.6200000000000045,0.010000000000005116,0.0,0.46000000000000796,2.1799999999999926,0.0,0.57,0.78
2016-11-20,2,0.0,1.6599999999999966,0.2599999999999909,0.03999999999999204,0.09000000000000341,0.2600000000000051,0.0,0.0,0.0700000000000216,0.0,0.269999999999996,0.04999999999999716,1.1000000000000085,0.0,0.0,0.14000000000000057,1.3100000000000023,0.12000000000000455,0.0,0.00999999999999801,1.539999999999992,-0.009999999999990905,0.0,1.6899999999999977,0.0,0.34,0.1
2016-11-21,2,0.06999999999999318,6.7099999999999795,0.05000000000001137,0.4900000000000091,1.0300000000000011,3.3400000000000034,0.0,0.0,0.12999999999999545,0.01999999999999602,0.10999999999999943,0.04000000000000625,0.0,0.0,0.0,0.2600000000000051,0.0799999999999983,0.01999999999999602,0.0,3.1700000000000017,8.530000000000001,0.0,0.0,0.010000000000005116,0.0,0.96,0.0
2016-11-22,2,0.05000000000001137,1.2800000000000011,0.0,0.46999999999999886,2.219999999999999,0.01999999999999602,0.13999999999998636,0.45000000000000284,0.09000000000000341,0.0,0.0,0.730000000000004,0.06999999999999318,0.30000000000001137,13.189999999999998,2.8499999999999943,0.0,0.0,0.37999999999999545,4.0,4.030000000000001,19.680000000000007,0.0,4.390000000000001,0.9499999999999886,2.21,0.96
2016-11-23,2,0.060000000000002274,2.710000000000008,0.13999999999998636,0.07999999999998408,0.00999999999999801,0.0,0.45000000000001705,0.0,0.9799999999999898,0.020000000000010232,2.3400000000000034,0.2599999999999909,0.18000000000000682,0.0,0.4299999999999926,0.0,1.1300000000000097,0.020000000000010232,0.4800000000000182,1.0700000000000003,0.3499999999999943,0.1599999999999966,0.0,9.670000000000002,1.4800000000000182,0.88,0.02
2016-11-24,2,0.0,2.289999999999992,1.2299999999999898,1.3600000000000136,0.6899999999999977,0.0,0.0,0.0,0.7299999999999898,0.0,4.609999999999999,0.519999999999996,0.0,0.6399999999999864,0.0,0.37999999999999545,0.03999999999999204,5.390000000000001,31.45999999999998,0.3399999999999963,0.04000000000000625,0.3100000000000023,0.030000000000001137,0.8100000000000023,0.9199999999999875,2.07,0.0
2016-11-25,2,0.0,0.0,4.860000000000014,0.0,1.9200000000000017,0.0,0.0,0.0,0.0,0.04999999999999716,0.009999999999990905,1.720000000000013,0.0,6.950000000000017,0.020000000000010232,0.0,0.0,2.269999999999996,0.5300000000000011,0.010000000000005116,0.9200000000000017,4.25,0.0,0.009999999999990905,0.020000000000010232,0.94,0.0
2016-11-26,2,0.0,0.0,5.900000000000006,0.0,0.010000000000005116,0.0,1.9499999999999886,0.01999999999999602,0.0,0.0,0.06999999999999318,5.6299999999999955,1.2399999999999949,0.0,0.10999999999999943,0.0,1.8100000000000023,0.0,0.0,0.0,0.0,0.020000000000010232,0.009999999999990905,0.0,0.07999999999998408,0.67,0.08
2016-11-27,2,0.5600000000000023,0.020000000000010232,1.7199999999999989,0.5600000000000023,0.0,0.28000000000000114,2.4399999999999977,0.0,0.4099999999999966,0.0,0.3900000000000148,2.030000000000001,1.4200000000000017,0.0,0.11999999999999034,0.0,0.46000000000000796,3.4099999999999966,0.040000000000020464,0.0,0.09999999999999432,0.0,0.0,-0.009999999999990905,0.3199999999999932,0.57,0.24
2016-11-28,2,11.199999999999989,0.06999999999999318,0.01999999999998181,0.0,0.0,1.539999999999992,2.75,1.480000000000004,1.5,0.0,1.0,0.47999999999998977,0.01999999999999602,0.10999999999998522,0.3100000000000023,0.4300000000000068,0.0,4.810000000000002,0.0,0.13999999999999346,0.5600000000000023,0.10999999999998522,0.0,3.6400000000000006,1.990000000000009,1.29,0.0
2016-11-29,2,3.400000000000034,0.030000000000001137,0.3800000000000239,0.0,0.5799999999999983,0.020000000000010232,0.0700000000000216,0.5600000000000023,0.9800000000000182,1.3900000000000006,0.22999999999998977,0.0,0.0,0.0,0.10999999999999943,0.1599999999999966,0.01999999999999602,2.230000000000004,0.10999999999998522,0.0,0.0,0.0,0.23000000000000398,0.03999999999999204,2.789999999999992,0.53,0.02
2016-11-30,2,2.5500000000000114,0.0,0.0,0.0,1.0899999999999963,3.9399999999999977,1.1099999999999852,0.0,0.5600000000000023,0.1799999999999926,0.0,0.04000000000000625,4.840000000000003,0.18000000000000682,0.0,0.1700000000000017,1.7199999999999989,14.469999999999999,0.030000000000001137,0.0,0.0,0.0,0.539999999999992,0.04000000000000625,1.6300000000000239,1.32,1.36
2016-12-01,3,0.0,8.120000000000005,1.5599999999999739,0.8400000000000034,0.13000000000000256,6.280000000000001,0.18999999999999773,0.04999999999999716,0.2599999999999909,0.020000000000010232,0.0,0.1599999999999966,0.0,0.0,0.0,0.01999999999999602,1.1499999999999915,0.3199999999999932,0.0,0.0,0.0,0.030000000000001137,0.15000000000000568,10.509999999999991,0.0,1.19,0.14
2016-12-02,3,0.0,1.759999999999991,0.010000000000019327,0.0,0.13000000000000256,0.0,0.009999999999990905,0.09999999999999432,0.12999999999999545,0.14000000000000057,1.710000000000008,0.0,0.0,0.0,0.0,0.1600000000000108,0.0,0.0,0.6200000000000045,1.8800000000000026,0.10999999999999943,2.6899999999999977,0.0,7.02000000000001,0.0,0.66,0.0
2016-12-03,3,0.17999999999994998,1.6300000000000239,0.10999999999998522,0.0,0.36999999999999744,0.3499999999999943,0.0,0.2600000000000051,3.3000000000000114,-0.020000000000010232,1.1999999999999886,0.0,0.0,0.28000000000000114,0.5600000000000023,0.20999999999999375,1.6500000000000057,0.6200000000000045,5.060000000000002,0.3500000000000014,0.6700000000000017,3.6899999999999977,0.01999999999999602,0.19999999999998863,0.5299999999999727,0.85,0.0
2016-12-04,3,0.3300000000000409,0.01999999999998181,0.09000000000000341,1.8799999999999955,5.420000000000002,49.72000000000001,1.7600000000000193,0.0,1.289999999999992,0.010000000000005116,0.0,0.09000000000000341,0.04000000000000625,8.900000000000006,16.980000000000004,0.0,2.3900000000000006,1.210000000000008,0.27000000000001023,0.0,0.010000000000005116,0.0,0.0,0.15000000000000568,4.970000000000027,3.82,0.0
2016-12-05,3,13.75,0.17000000000001592,1.1800000000000068,2.3799999999999955,2.299999999999997,0.45999999999997954,0.0,6.530000000000001,0.009999999999990905,0.9200000000000017,0.0,0.15000000000000568,3.1099999999999994,16.53,4.900000000000006,0.01999999999999602,0.01999999999999602,0.25,0.22999999999998977,1.4699999999999989,0.0,0.0,0.010000000000005116,0.0,0.6899999999999977,2.2,0.53
2016-12-06,3,2.3100000000000023,0.8799999999999955,10.469999999999999,0.0,0.0,2.390000000000015,7.639999999999986,4.010000000000005,0.0,0.0,0.0,0.03999999999999204,1.509999999999991,3.759999999999991,0.03999999999999204,0.3100000000000023,0.0,0.47999999999998977,1.9799999999999898,0.0,0.01999999999999602,0.03999999999999204,0.20000000000000284,0.009999999999990905,0.060000000000002274,1.45,0.02
2016-12-07,3,-0.03000000000002956,1.4499999999999886,7.5,0.25,0.10999999999999943,0.20999999999997954,0.010000000000019327,0.030000000000001137,0.19000000000002615,0.0,0.0,0.01999999999999602,0.0,0.0800000000000125,0.0,6.159999999999997,0.07000000000000739,0.009999999999990905,0.4000000000000057,0.020000000000003126,4.040000000000006,0.0,1.5699999999999932,4.240000000000009,0.13999999999998636,1.06,0.08
2016-12-08,3,0.009999999999990905,0.9800000000000182,0.0,0.06999999999999318,0.21000000000000796,0.0,0.0,0.2799999999999869,1.9499999999999886,0.010000000000005116,0.14000000000001478,0.04000000000000625,0.0,0.060000000000002274,0.0,1.220000000000013,1.3299999999999983,0.0700000000000216,0.0,1.0700000000000003,0.01999999999999602,0.05000000000001137,13.66000000000001,1.6400000000000148,0.0,0.91,0.05
2016-12-09,3,0.010000000000047748,4.049999999999983,0.0,0.0,0.03999999999999204,0.46000000000000796,0.10999999999998522,0.07000000000000739,2.5500000000000114,0.0,0.4199999999999875,0.29999999999999716,0.0,0.10999999999998522,0.04000000000000625,0.5499999999999972,0.23000000000000398,0.05999999999997385,0.14000000000001478,0.11999999999999034,0.5999999999999943,0.030000000000001137,5.25,0.03999999999999204,0.3100000000000023,0.62,1.8
2016-12-10,3,1.5599999999999454,0.36000000000001364,0.0,0.030000000000001137,0.0,0.06999999999999318,1.759999999999991,0.7999999999999972,0.0,16.129999999999995,0.010000000000019327,0.7900000000000063,0.8700000000000045,0.2400000000000091,0.0,0.0,0.04999999999999716,2.440000000000026,0.0,3.8800000000000097,0.0,0.14000000000001478,-0.010000000000005116,0.04999999999998295,0.1699999999999875,1.17,0.0
2016-12-11,3,0.1300000000000523,0.1799999999999784,0.0,0.8400000000000034,0.0,0.6100000000000136,5.740000000000009,0.6200000000000045,0.009999999999990905,0.0,0.009999999999990905,0.0,0.6700000000000017,0.009999999999990905,0.0,0.45999999999999375,3.4299999999999926,4.159999999999997,0.029999999999972715,0.0,0.5799999999999983,0.03999999999999204,0.0,0.040000000000020464,1.0800000000000125,0.75,0.0
2016-12-12,3,0.0,0.060000000000002274,0.05000000000001137,3.8799999999999955,0.5999999999999943,0.009999999999990905,1.170000000000016,0.0,0.0,0.010000000000005116,0.0,0.7599999999999909,0.6299999999999955,0.17000000000001592,0.0,3.469999999999999,1.3200000000000074,0.10999999999998522,1.7800000000000011,0.0799999999999983,0.04000000000000625,0.0,0.45999999999999375,0.4199999999999875,0.539999999999992,0.62,0.02
2016-12-13,3,0.0,0.6700000000000159,3.5600000000000023,0.009999999999990905,0.0,0.05000000000001137,0.0,0.04999999999999716,0.7599999999999909,0.029999999999986926,0.0,0.22000000000001307,0.0,0.0,0.0,0.010000000000005116,0.25,0.0,0.75,0.060000000000002274,0.0,0.03999999999999204,0.0,0.0,3.210000000000008,0.39,0.02
2016-12-14,3,0.0,0.8400000000000034,0.0,0.0,5.930000000000007,1.049999999999983,0.3699999999999761,0.25,0.0,0.0,0.009999999999990905,1.6199999999999903,5.019999999999996,0.0,0.009999999999990905,0.09000000000000341,0.3100000000000023,0.0,0.13000000000002387,0.0799999999999983,2.8100000000000023,0.5800000000000125,0.0,0.0,0.0,0.76,2.33
2016-12-15,3,0.0,0.09999999999999432,0.4399999999999977,0.05000000000001137,3.450000000000003,0.0,2.0600000000000023,0.0,3.640000000000015,3.8900000000000006,0.0,0.13000000000000966,0.21000000000000796,0.1599999999999966,0.0,0.0,0.0,5.760000000000019,0.009999999999990905,0.030000000000001137,1.8900000000000006,1.6299999999999955,0.18999999999999773,0.009999999999990905,0.009999999999990905,0.95,0.12
2016-12-16,3,0.009999999999990905,1.5699999999999932,2.1499999999999773,0.4099999999999966,0.11999999999999034,0.14000000000001478,0.4900000000000091,0.0,0.549999999999983,0.4100000000000108,0.010000000000019327,3.8499999999999943,0.04999999999999716,0.009999999999990905,0.020000000000010232,0.0,0.0,7.1699999999999875,0.0,0.0,0.0,0.23999999999998067,2.3800000000000097,0.020000000000010232,0.0,0.78,0.03
2016-12-17,3,0.8999999999999773,0.05000000000001137,0.010000000000019327,0.0,0.0800000000000125,0.009999999999990905,5.460000000000008,0.0,0.0800000000000125,0.0,0.0,0.010000000000005116,0.1599999999999966,0.0,3.249999999999986,0.01999999999999602,0.03999999999999204,5.02000000000001,0.3100000000000023,0.12999999999999545,0.0,0.3100000000000023,0.03999999999999204,0.020000000000010232,0.0,0.64,0.04
2016-12-18,3,0.07999999999998408,0.0,0.0,0.0,0.09999999999999432,0.5999999999999943,1.1499999999999773,0.0,0.06999999999999318,0.46999999999999886,0.0,0.06999999999999318,0.030000000000001137,0.020000000000010232,0.0,0.0799999999999983,4.980000000000004,1.5600000000000023,0.8100000000000023,1.25,0.01999999999999602,0.0,0.030000000000001137,0.0,0.0,0.45,0.0
2016-12-19,3,0.0,0.009999999999990905,0.01999999999998181,0.15000000000000568,0.0,0.46000000000000796,0.0,0.0799999999999983,1.7199999999999989,1.0600000000000023,0.14999999999997726,0.0,0.0,0.009999999999990905,0.3100000000000023,0.0,0.8799999999999955,0.1699999999999875,0.7199999999999989,0.01999999999999602,0.0,0.46000000000000796,2.3400000000000034,0.0,0.09999999999999432,0.35,0.11
2016-12-20,3,5.4500000000000455,0.06999999999999318,1.75,1.3400000000000034,0.1599999999999966,0.0,0.030000000000001137,0.04999999999999716,0.020000000000010232,0.009999999999990905,1.6300000000000239,0.45000000000000284,0.04999999999999716,3.9399999999999977,0.010000000000019327,0.269999999999996,0.09000000000000341,0.03999999999999204,1.2800000000000011,0.010000000000005116,0.01999999999999602,0.009999999999990905,2.030000000000001,0.1699999999999875,1.1100000000000136,0.8,0.0
2016-12-21,3,0.0,0.06999999999999318,0.5400000000000205,4.019999999999982,0.060000000000002274,0.17000000000001592,0.0,0.0,0.0,0.0,0.07999999999998408,0.29999999999999716,0.5400000000000063,3.030000000000001,0.009999999999990905,0.010000000000005116,0.04999999999999716,0.0,0.03999999999999204,0.7800000000000011,0.010000000000005116,0.05000000000001137,0.6400000000000006,0.03999999999999204,0.2400000000000091,0.43,20.37
2016-12-22,3,0.0,0.19000000000002615,0.09000000000000341,1.2900000000000205,0.030000000000001137,0.03999999999999204,0.0,0.0,0.0,0.0,0.009999999999990905,1.3200000000000074,0.0,0.0,0.0,1.0699999999999932,0.010000000000005116,0.18000000000000682,0.0,2.3700000000000045,1.2399999999999949,0.2400000000000091,8.090000000000003,0.0,0.0,0.65,21.42
2016-12-23,3,0.15999999999996817,0.01999999999998181,0.009999999999990905,0.04999999999998295,0.010000000000005116,0.0,0.15000000000000568,0.0,0.15000000000000568,0.960000000000008,0.8400000000000034,0.2599999999999909,0.5999999999999943,0.28999999999999204,1.4799999999999898,0.0,6.609999999999999,1.0800000000000125,3.0900000000000034,0.18999999999999773,4.060000000000002,0.009999999999990905,25.74000000000001,0.030000000000001137,0.009999999999990905,1.83,1.58
2016-12-24,3,0.12000000000000455,0.0,0.0,0.0,0.009999999999990905,0.009999999999990905,0.27000000000001023,0.5600000000000023,0.0,0.06999999999999318,0.4099999999999966,0.0,0.030000000000001137,0.0,0.060000000000002274,0.0,0.5900000000000034,0.0,0.030000000000001137,0.0,8.049999999999997,0.060000000000002274,17.67999999999998,0.28000000000000114,0.4900000000000091,1.15,0.14
2016-12-25,3,0.009999999999990905,0.0,3.3400000000000034,0.040000000000020464,1.730000000000004,1.0800000000000125,0.6099999999999852,0.9000000000000057,0.20999999999997954,4.719999999999999,0.11000000000001364,0.04000000000000625,0.0,0.4800000000000182,0.4200000000000159,0.19000000000001194,1.6400000000000006,0.0,0.07999999999998408,0.10999999999999943,3.4399999999999977,0.09999999999999432,0.030000000000001137,3.2700000000000102,3.0,1.02,0.0
2016-12-26,3,0.0,0.030000000000001137,0.01999999999998181,1.1199999999999761,1.0799999999999983,0.030000000000001137,5.590000000000003,0.01999999999999602,0.0,3.1500000000000057,4.340000000000003,0.04999999999999716,0.0,0.060000000000002274,0.12999999999999545,3.8599999999999994,0.3399999999999892,0.6499999999999773,0.7400000000000091,1.0999999999999943,0.75,0.0,0.010000000000019327,19.80000000000001,0.0,1.71,4.91
2016-12-27,3,0.0,0.8799999999999955,0.0,0.0,0.0,0.15000000000000568,0.21000000000000796,2.25,0.5100000000000193,3.759999999999991,5.049999999999983,10.129999999999995,1.210000000000008,0.029999999999972715,0.060000000000002274,6.329999999999998,0.14000000000000057,0.3200000000000216,0.12999999999999545,0.04000000000000625,0.0,0.46000000000000796,3.280000000000001,0.5099999999999909,0.060000000000002274,1.42,1.67
2016-12-28,3,0.7100000000000364,0.37999999999999545,0.040000000000020464,0.0,0.0,1.1499999999999773,1.0300000000000011,0.12000000000000455,0.6199999999999761,2.490000000000009,0.040000000000020464,0.3400000000000034,0.03999999999999204,0.0,0.0,0.0,0.0,0.11999999999997613,1.9800000000000182,0.0,0.15000000000000568,0.030000000000001137,0.5799999999999841,1.7800000000000011,4.22999999999999,0.63,0.13
2016-12-29,3,0.5,0.36000000000001364,0.29999999999998295,0.040000000000020464,0.04999999999999716,0.5100000000000193,1.6500000000000057,0.030000000000001137,0.040000000000020464,0.06999999999999318,0.009999999999990905,0.12999999999999545,0.46000000000000796,0.0800000000000125,0.0,0.12999999999999545,4.200000000000003,0.29000000000002046,0.13999999999998636,2.8499999999999943,0.0,1.8700000000000045,0.09000000000000341,2.8700000000000045,0.0,0.67,0.0
2016-12-30,3,3.2999999999999545,0.9399999999999977,0.010000000000019327,0.009999999999990905,1.710000000000008,0.12999999999999545,0.09999999999999432,0.20999999999999375,3.75,3.180000000000007,0.09000000000000341,0.0,0.37999999999999545,0.009999999999990905,0.06999999999999318,0.6899999999999977,1.8100000000000023,0.030000000000001137,0.020000000000010232,5.790000000000006,1.3900000000000006,0.19999999999998863,0.0800000000000125,15.569999999999993,0.0,1.58,0.04
2016-12-31,3,0.1400000000000432,0.0,0.5199999999999818,0.2599999999999909,0.09000000000000341,2.049999999999983,0.009999999999990905,0.0,0.39999999999997726,0.0,2.6299999999999955,0.0,0.6500000000000057,0.0,0.12000000000000455,0.6300000000000097,0.0,0.04999999999998295,0.21999999999999886,0.8199999999999932,0.06999999999999318,1.1100000000000136,0.0,1.8599999999999852,0.0,0.47,0.03
2017-01-01,4,0.21999999999997044,0.0,0.9699999999999989,10.870000000000005,0.0799999999999983,3.0700000000000216,4.260000000000019,0.010000000000005116,0.22000000000002728,0.0,0.0,0.12999999999999545,0.10999999999999943,0.0,0.45999999999997954,0.029999999999986926,0.12999999999999545,0.6400000000000148,0.07999999999998408,0.0,0.05000000000001137,0.01999999999998181,0.0,1.3600000000000136,0.21000000000000796,0.92,0.06
2017-01-02,4,0.0,0.18000000000000682,2.170000000000016,8.060000000000002,0.03999999999999204,2.7299999999999898,5.189999999999998,0.0799999999999983,0.009999999999990905,0.009999999999990905,0.8000000000000114,0.0,0.519999999999996,0.0,0.10000000000002274,0.0,0.14000000000000057,0.23999999999998067,0.15000000000000568,2.6000000000000085,0.04999999999999716,4.27000000000001,0.01999999999998181,0.4900000000000091,1.299999999999983,1.17,0.03
2017-01-03,4,0.13999999999998636,0.18000000000000682,0.03999999999999204,2.710000000000008,0.010000000000005116,1.8100000000000023,0.37000000000000455,4.069999999999993,1.549999999999983,0.0,9.409999999999997,0.0,3.030000000000001,0.0,0.009999999999990905,0.0,0.3500000000000085,0.12000000000000455,0.0,0.6899999999999977,0.010000000000005116,0.0,0.12000000000000455,0.0,0.5900000000000034,1.01,0.0
2017-01-04,4,1.3000000000000114,1.5300000000000011,0.5699999999999932,0.04999999999998295,1.1400000000000006,0.5300000000000011,0.1799999999999784,0.05000000000001137,0.020000000000010232,3.3400000000000034,10.069999999999993,0.0,1.7800000000000011,4.210000000000008,0.009999999999990905,0.6400000000000006,2.6400000000000006,0.3900000000000148,0.09999999999999432,0.0,0.06999999999999318,0.0,0.0,0.0,0.47999999999998977,1.16,0.0
2017-01-05,4,1.4300000000000068,1.5199999999999818,0.0,0.060000000000002274,0.21999999999999886,0.0,0.0,0.5299999999999869,1.9699999999999989,3.710000000000008,2.8600000000000136,0.21000000000000796,3.0900000000000034,0.3100000000000023,0.12999999999999545,0.030000000000001137,0.0,0.0,0.15000000000000568,0.009999999999990905,0.0,0.0,0.6100000000000136,0.0,3.630000000000024,0.82,0.23
2017-01-06,4,0.8400000000000318,0.030000000000001137,3.789999999999992,0.0700000000000216,0.14000000000000057,0.0,0.0,1.6700000000000017,0.8600000000000136,3.4399999999999977,0.0,3.5999999999999943,0.0,0.0,0.0700000000000216,0.0,1.5799999999999983,0.0,0.11000000000001364,0.0,0.0,0.020000000000010232,0.09999999999999432,0.0,4.649999999999977,0.84,0.04
2017-01-07,4,0.0,0.0,0.09000000000000341,0.0,0.0,0.0,0.09000000000000341,0.5600000000000023,0.3400000000000034,0.0,0.23999999999998067,1.920000000000016,0.05999999999998806,0.0,0.0,0.060000000000002274,0.0,0.0,2.579999999999984,6.060000000000002,0.0,0.0,0.0,0.3499999999999943,0.30000000000001137,0.51,0.0
2017-01-08,4,0.38999999999998636,0.0,11.02000000000001,0.13999999999998636,0.37000000000000455,0.0,0.6400000000000148,0.37999999999999545,0.4199999999999875,0.0,0.37000000000000455,12.829999999999984,4.040000000000006,0.0,0.009999999999990905,0.4900000000000091,0.0,0.28999999999999204,0.5200000000000102,17.36,0.01999999999999602,0.0,0.12999999999999545,1.4799999999999898,0.15000000000000568,2.04,0.12
2017-01-09,4,2.680000000000007,0.21000000000000796,0.29000000000002046,0.0,11.079999999999998,0.09999999999999432,0.0,0.0,0.06999999999999318,0.0,0.030000000000001137,10.240000000000009,0.9599999999999937,0.030000000000001137,0.0,0.0,0.12999999999999545,1.3199999999999932,0.009999999999990905,0.0,2.1400000000000006,0.03999999999999204,0.0,1.1800000000000068,0.38999999999998636,1.24,0.38
2017-01-10,4,0.060000000000002274,0.10999999999998522,0.029999999999972715,0.0,0.6299999999999955,0.0,0.14999999999997726,0.060000000000002274,0.1599999999999966,0.0,0.0,20.159999999999997,0.010000000000005116,0.0,0.06999999999999318,0.5699999999999932,0.09999999999999432,1.8100000000000023,0.0,0.010000000000005116,0.0,0.549999999999983,0.37999999999999545,0.0,0.040000000000020464,1.0,0.0
2017-01-11,4,0.339999999999975,0.0,0.4300000000000068,0.0,2.049999999999997,0.03999999999999204,0.0,0.7000000000000028,0.030000000000001137,18.61999999999999,0.0,8.580000000000013,0.18999999999999773,0.28999999999999204,0.46999999999999886,1.0400000000000063,0.0800000000000125,0.20000000000001705,9.189999999999998,0.0,0.25,0.0700000000000216,1.240000000000009,0.0,0.009999999999990905,1.75,0.0
2017-01-12,4,0.8999999999999773,0.020000000000010232,0.040000000000020464,0.0,0.39000000000000057,0.11000000000001364,0.05000000000001137,9.930000000000007,0.020000000000010232,10.580000000000013,0.0,0.0,0.15000000000000568,0.040000000000020464,0.010000000000019327,2.299999999999997,0.009999999999990905,1.339999999999975,0.12000000000000455,0.04999999999999716,0.0,0.5900000000000034,0.8100000000000023,0.0,0.27000000000001023,1.11,0.42
2017-01-13,4,0.1500000000000341,0.47999999999998977,0.0,0.060000000000002274,0.010000000000005116,0.0,0.009999999999990905,6.1499999999999915,0.060000000000002274,5.319999999999993,4.469999999999999,0.009999999999990905,0.01999999999999602,0.0,0.04999999999998295,0.5,0.0,0.0,0.0,0.0,0.0,0.05999999999997385,0.28999999999999204,0.0,0.6399999999999864,0.73,0.03
2017-01-14,4,0.2300000000000182,0.5800000000000125,0.0,0.6699999999999875,0.06999999999999318,0.12000000000000455,0.0,0.8700000000000045,0.0,0.020000000000010232,0.9000000000000057,1.1800000000000068,0.769999999999996,0.0,0.37999999999999545,0.0,0.0,0.4900000000000091,0.0,0.4000000000000057,0.4300000000000068,0.5300000000000011,0.7400000000000091,4.840000000000003,0.5900000000000034,0.55,0.0
2017-01-15,4,0.0,0.020000000000010232,2.8100000000000023,6.969999999999999,0.46000000000000796,0.15000000000000568,0.0,2.1500000000000057,0.04999999999998295,0.0,0.030000000000001137,4.019999999999982,1.6400000000000006,0.9199999999999875,0.010000000000019327,0.14000000000000057,1.8500000000000085,2.1299999999999955,0.5,0.6400000000000006,2.579999999999984,0.0,26.72999999999999,1.4300000000000068,0.46999999999999886,2.23,0.0
2017-01-16,4,0.0,0.04999999999998295,0.4199999999999591,1.2800000000000011,0.0,0.05999999999997385,0.0,0.0,0.0,1.3899999999999864,1.3599999999999852,0.010000000000019327,0.27000000000001023,1.1200000000000045,0.9799999999999898,0.3999999999999915,33.8,0.0,0.46000000000000796,0.0,0.5500000000000114,0.030000000000001137,1.6800000000000068,0.12999999999999545,0.10999999999998522,1.76,0.0
2017-01-17,4,0.07999999999998408,0.4399999999999977,1.0300000000000296,1.7700000000000102,0.0,0.0,0.020000000000010232,0.009999999999990905,0.0,0.0,0.060000000000002274,2.119999999999976,0.009999999999990905,12.289999999999992,7.199999999999989,0.010000000000005116,1.5300000000000011,0.700000000000017,1.7199999999999989,0.0,1.4799999999999898,0.040000000000020464,0.47999999999998977,0.009999999999990905,0.960000000000008,1.28,0.0
2017-01-18,4,0.0,0.0,0.029999999999972715,8.289999999999992,0.0,0.3400000000000034,0.0,0.010000000000005116,0.0,0.0,0.0,0.19000000000002615,1.0,0.18999999999999773,0.9900000000000091,0.010000000000005116,0.0,3.2099999999999795,0.9699999999999989,0.009999999999990905,0.160000000000025,0.8199999999999932,0.03999999999999204,0.4099999999999966,3.980000000000018,0.83,0.0
2017-01-19,4,0.0,0.0,0.12000000000000455,1.1200000000000045,0.19999999999998863,0.7600000000000193,0.0,0.1700000000000017,0.010000000000019327,0.020000000000010232,0.0,0.0,0.6200000000000045,3.1100000000000136,0.3400000000000034,0.5699999999999932,0.0,7.0800000000000125,0.03999999999999204,2.8599999999999994,0.04999999999998295,0.0,0.010000000000019327,0.1599999999999966,0.0,0.69,0.0
2017-01-20,4,1.599999999999966,0.0,6.8799999999999955,0.03999999999999204,27.370000000000005,0.0,0.0,0.37999999999999545,0.09000000000000341,2.3799999999999955,0.0,0.6099999999999852,0.04999999999999716,1.009999999999991,9.090000000000003,0.0,0.030000000000001137,3.6100000000000136,4.539999999999992,0.010000000000005116,1.2800000000000011,1.789999999999992,0.01999999999998181,0.0,0.12999999999999545,2.44,3.39
2017-01-21,4,0.20000000000004547,0.05000000000001137,0.9000000000000341,0.060000000000002274,20.340000000000003,0.009999999999990905,0.12999999999999545,0.11000000000001364,0.3499999999999943,0.0,1.8799999999999955,0.5,0.030000000000001137,2.660000000000025,0.0,0.710000000000008,0.0,0.539999999999992,5.930000000000007,0.4000000000000057,4.390000000000015,3.890000000000015,4.530000000000001,0.0,0.030000000000001137,1.91,0.25
2017-01-22,4,0.0,0.0,0.0,0.030000000000001137,1.1200000000000045,0.5,0.05000000000001137,0.0,0.0,0.0,4.490000000000009,0.0,0.18999999999999773,1.1599999999999682,0.0,7.089999999999989,0.0,5.099999999999994,0.18999999999999773,3.9799999999999898,1.329999999999984,1.2299999999999898,2.240000000000009,0.7199999999999989,0.03999999999999204,1.18,0.38
2017-01-23,4,0.589999999999975,2.25,2.9499999999999886,14.360000000000014,0.09000000000000341,1.5200000000000102,0.03999999999999204,0.0,0.2599999999999909,18.960000000000008,0.9399999999999977,0.18999999999999773,0.010000000000005116,0.4800000000000182,2.5600000000000023,0.4900000000000091,0.0,1.5900000000000034,0.030000000000001137,0.19000000000001194,4.950000000000017,0.0,1.259999999999991,29.080000000000013,0.09000000000000341,3.32,0.02
2017-01-24,4,0.35000000000002274,3.069999999999993,0.040000000000020464,9.97999999999999,0.03999999999999204,3.1299999999999955,0.21000000000000796,0.44999999999998863,1.670000000000016,4.060000000000002,6.780000000000001,0.3900000000000148,0.8299999999999983,0.0,0.2599999999999909,0.3100000000000023,0.0,14.340000000000003,1.6200000000000045,0.4899999999999949,4.529999999999973,0.009999999999990905,1.710000000000008,6.090000000000003,0.0,2.41,0.0
2017-01-25,4,0.08999999999997499,0.020000000000010232,0.009999999999990905,0.12000000000000455,0.19999999999998863,1.8199999999999932,0.0,5.090000000000003,0.0,0.01999999999998181,2.8799999999999955,0.0,0.269999999999996,2.339999999999975,0.0,0.0,0.8799999999999955,0.549999999999983,0.5900000000000034,1.0699999999999932,1.3800000000000239,0.040000000000020464,0.009999999999990905,0.04999999999998295,0.0,0.7,0.0
2017-01-26,4,1.6899999999999977,2.8499999999999943,0.18000000000000682,0.9000000000000057,0.0,6.099999999999994,0.0,0.09999999999999432,0.0,0.21999999999999886,0.13000000000002387,0.4199999999999875,0.010000000000005116,0.1500000000000341,0.0,0.789999999999992,0.0,5.980000000000018,0.0,0.6700000000000017,0.47999999999998977,0.0,0.030000000000001137,0.11000000000001364,0.07999999999998408,0.84,0.01
2017-01-27,4,0.05000000000001137,4.560000000000002,0.029999999999972715,7.579999999999984,0.0,0.9300000000000068,0.4899999999999807,0.05000000000001137,-0.020000000000010232,0.5200000000000102,0.5,3.3600000000000136,0.06999999999999318,0.0,8.349999999999994,17.05000000000001,9.849999999999994,0.009999999999990905,0.020000000000010232,0.0,0.009999999999990905,0.4199999999999875,0.27000000000001023,0.06999999999999318,0.060000000000002274,2.17,1.74
2017-01-28,4,0.0,0.0,0.0,1.6000000000000227,0.0,0.0,0.0,0.3299999999999841,0.0,0.8400000000000034,0.05999999999997385,0.0,0.0,0.0,1.0500000000000114,1.9299999999999784,0.2400000000000091,0.0,0.22999999999998977,0.07000000000000739,0.0,0.3199999999999932,0.060000000000002274,0.15000000000000568,0.020000000000010232,0.28,0.08
2017-01-29,4,0.0,0.0,0.0,0.6499999999999773,0.0,0.020000000000010232,0.0,0.36000000000001364,0.0,0.1699999999999875,0.3800000000000239,0.03999999999999204,0.0,0.06999999999999318,0.22999999999998977,0.5400000000000205,0.18000000000000682,0.0,0.8199999999999932,0.28000000000000114,0.4900000000000091,0.0,1.9000000000000057,0.0,0.28000000000000114,0.26,4.43
2017-01-30,4,7.0400000000000205,0.0,0.0,14.54000000000002,0.0,0.0,0.010000000000019327,0.10999999999998522,0.0,0.18000000000000682,0.10999999999998522,0.009999999999990905,0.0,0.0,0.010000000000019327,10.799999999999983,0.0,0.7599999999999909,3.950000000000017,1.6999999999999886,0.030000000000001137,0.8600000000000136,0.14999999999997726,0.030000000000001137,0.0,1.61,1.68
2017-01-31,4,0.07999999999998408,0.5600000000000023,0.03000000000002956,16.02000000000001,1.5500000000000114,0.25,1.8599999999999852,0.05000000000001137,0.0,0.5999999999999943,0.0,0.0,0.35999999999999943,1.0,0.1699999999999875,0.15000000000000568,0.03999999999999204,0.060000000000002274,0.6799999999999784,0.7700000000000102,1.5300000000000011,1.6099999999999852,0.28000000000000114,0.0,11.52000000000001,1.57,0.01
2017-02-01,5,0.75,3.1699999999999875,0.0,0.2699999999999818,2.240000000000009,0.0,0.4300000000000068,1.6500000000000057,2.8899999999999864,0.03999999999999204,0.060000000000002274,0.6500000000000057,0.030000000000001137,0.6899999999999977,1.8100000000000023,0.11000000000001364,0.07999999999998408,0.0,0.0,0.1700000000000017,0.710000000000008,0.3400000000000034,0.7800000000000011,0.2400000000000091,0.22999999999998977,0.69,0.03
2017-02-02,5,0.009999999999990905,2.490000000000009,0.0,0.6000000000000227,4.280000000000001,0.0,0.09000000000000341,2.7099999999999795,2.3400000000000034,2.1200000000000045,0.0,4.259999999999991,0.0,0.0,0.28999999999999204,0.0,0.13000000000002387,0.0,0.0,0.01999999999999602,0.28999999999999204,0.010000000000019327,3.930000000000007,0.07999999999998408,0.030000000000001137,0.95,0.0
2017-02-03,5,0.589999999999975,0.0,0.01999999999998181,4.3700000000000045,0.28000000000000114,0.0,0.0,4.2900000000000205,0.010000000000019327,0.5700000000000216,0.009999999999990905,1.2600000000000193,0.0,0.2599999999999909,12.080000000000013,0.0,18.060000000000002,0.0,0.3400000000000034,1.5600000000000023,0.18000000000000682,0.10999999999998522,0.21999999999999886,0.0,0.009999999999990905,1.77,0.04
2017-02-04,5,0.9000000000000341,0.10999999999998522,0.0,18.059999999999945,0.009999999999990905,0.4099999999999966,0.020000000000010232,0.060000000000002274,3.299999999999983,2.829999999999984,0.020000000000010232,0.6199999999999761,4.760000000000005,0.14999999999997726,34.0,8.079999999999984,0.0,2.140000000000015,2.5,5.489999999999995,0.09999999999999432,0.0,1.1899999999999977,0.3499999999999943,6.810000000000002,3.68,0.06
2017-02-05,5,0.009999999999990905,0.0,0.0,0.060000000000002274,3.4199999999999875,0.03999999999999204,0.2599999999999909,5.109999999999985,1.710000000000008,0.9099999999999966,0.0,0.18000000000000682,6.650000000000006,0.0,1.3100000000000023,0.710000000000008,0.09999999999999432,0.03999999999999204,0.20000000000001705,1.009999999999991,0.06999999999999318,0.06999999999999318,5.960000000000008,3.990000000000009,3.1599999999999966,1.4,0.35
2017-02-06,5,0.20999999999997954,0.950000000000017,0.0999999999999659,0.75,0.030000000000001137,0.0,1.0699999999999932,0.44999999999998863,0.09000000000000341,1.0800000000000125,0.009999999999990905,0.010000000000019327,4.089999999999989,0.0,1.4199999999999875,0.0,0.0,0.09000000000000341,0.060000000000002274,0.4099999999999966,0.3199999999999932,0.700000000000017,1.789999999999992,1.3900000000000148,0.060000000000002274,0.6,0.03
2017-02-07,5,0.0,0.8199999999999932,14.380000000000052,6.680000000000007,0.14000000000001478,1.1699999999999875,0.020000000000010232,0.5800000000000125,0.0,1.6800000000000068,0.11000000000001364,3.9299999999999784,0.5300000000000011,0.0,0.009999999999990905,3.539999999999992,0.4199999999999875,0.0,-0.010000000000019327,0.0,0.0,0.7599999999999909,0.010000000000019327,0.7800000000000011,0.0,1.42,0.0
2017-02-08,5,0.26000000000004775,0.009999999999990905,0.6399999999999864,0.8199999999999932,0.3400000000000034,2.940000000000026,0.0,0.0,0.0,0.0,0.09999999999999432,0.5100000000000193,0.5,0.010000000000047748,0.020000000000010232,27.939999999999998,12.030000000000001,0.09999999999999432,0.3200000000000216,0.37000000000000455,0.0,0.0,0.549999999999983,0.0,0.0,1.9,0.0
2017-02-09,5,1.2699999999999818,0.2600000000000193,18.819999999999993,1.160000000000025,8.769999999999982,0.009999999999990905,0.0,0.0,0.0,0.22999999999998977,0.3199999999999932,1.079999999999984,0.46000000000000796,0.0,0.14000000000001478,2.8700000000000045,4.599999999999994,0.0,0.0,0.0,0.0,0.5999999999999943,0.030000000000001137,7.099999999999994,0.06999999999999318,1.91,0.03
2017-02-10,5,0.0,0.3299999999999841,1.2699999999999818,1.0,12.320000000000022,0.46000000000000796,0.01999999999998181,0.1599999999999966,0.060000000000002274,0.07999999999998408,0.30000000000001137,8.710000000000008,0.030000000000001137,0.0,0.08999999999997499,0.009999999999990905,0.9000000000000057,0.46999999999999886,0.0,0.17000000000001592,0.0,1.5300000000000011,0.0,1.0699999999999932,5.7900000000000205,1.39,0.0
2017-02-11,5,0.15999999999996817,0.0,0.37999999999999545,0.0,0.0,0.5300000000000011,0.0,0.15000000000000568,0.7199999999999989,0.030000000000001137,0.13999999999998636,0.0,0.1799999999999926,0.0,0.0,0.25,0.0,0.0,0.04999999999998295,1.4799999999999898,0.0,0.6200000000000045,5.75,0.0,0.009999999999990905,0.42,0.0
2017-02-12,5,0.11000000000001364,0.0,0.06999999999999318,3.3899999999999864,0.09999999999999432,0.0,28.430000000000007,0.030000000000001137,0.0,0.7300000000000182,0.0,0.3299999999999841,0.18000000000000682,0.0,0.19000000000002615,4.260000000000019,3.5600000000000023,0.060000000000002274,0.7299999999999898,0.0,0.020000000000010232,0.12999999999999545,3.1500000000000057,0.06999999999999318,0.25,1.83,0.0
2017-02-13,5,0.160000000000025,0.05000000000001137,0.060000000000002274,2.759999999999991,0.18999999999999773,0.1699999999999875,0.6100000000000136,0.21999999999999886,0.0,0.09999999999999432,0.0,0.0,0.0,0.15999999999996817,0.03999999999999204,0.009999999999990905,31.810000000000002,0.0,0.040000000000020464,0.7400000000000091,0.009999999999990905,1.0300000000000011,0.12999999999999545,0.0,0.46999999999999886,1.55,0.03
2017-02-14,5,0.0,19.97999999999999,3.390000000000043,0.0,0.0,1.6200000000000045,0.0,0.0,0.0,0.009999999999990905,0.0,0.040000000000020464,1.4999999999999858,0.0,0.0,0.020000000000010232,0.060000000000002274,0.5099999999999909,0.0,0.009999999999990905,0.0,0.4399999999999977,0.3199999999999932,0.0,0.009999999999990905,1.12,0.01
2017-02-15,5,0.3199999999999932,66.37,35.339999999999975,0.0,1.0999999999999943,3.289999999999992,0.01999999999998181,0.020000000000010232,10.090000000000003,0.25,0.010000000000019327,0.12999999999999545,8.330000000000013,0.14999999999997726,0.5199999999999818,0.1699999999999875,0.030000000000001137,0.7700000000000102,0.23999999999998067,0.09999999999999432,0.18999999999999773,0.2400000000000091,0.060000000000002274,4.719999999999999,4.530000000000001,5.48,0.0
2017-02-16,5,0.05000000000001137,5.519999999999982,4.519999999999982,0.0,0.0,0.06999999999999318,0.0700000000000216,0.0,15.819999999999993,0.12999999999999545,0.030000000000001137,0.0,0.0,0.060000000000002274,0.15000000000000568,1.0,1.0600000000000023,0.0,2.3700000000000045,1.2900000000000205,0.010000000000019327,10.379999999999995,20.170000000000016,0.10000000000002274,0.7199999999999989,2.54,0.09
2017-02-17,5,5.930000000000007,2.0300000000000296,0.020000000000038654,0.0,0.009999999999990905,0.0700000000000216,0.5199999999999818,7.869999999999976,1.1699999999999875,0.0,0.0,0.030000000000001137,0.12000000000000455,0.4900000000000091,0.21999999999999886,3.4000000000000057,0.3100000000000023,3.030000000000001,1.3499999999999943,0.28999999999999204,0.0,1.3900000000000148,0.5500000000000114,0.14999999999997726,1.5700000000000216,1.22,4.2
2017-02-18,5,10.70999999999998,0.0,1.6099999999999568,0.03000000000002956,0.5900000000000034,3.799999999999983,0.0,1.460000000000008,0.0,0.010000000000019327,3.4899999999999807,6.400000000000006,0.0,0.7300000000000182,0.0,17.319999999999993,0.0,18.460000000000008,0.020000000000010232,5.599999999999994,4.810000000000002,0.20999999999997954,0.2599999999999909,0.3100000000000023,0.03999999999999204,3.03,0.0
2017-02-19,5,0.040000000000020464,2.740000000000009,0.0,0.2400000000000091,0.020000000000010232,1.5300000000000011,0.3900000000000148,3.8499999999999943,0.0,0.0,0.11000000000001364,0.0,0.0,0.009999999999990905,0.0,24.420000000000016,1.1899999999999977,0.03999999999999204,0.0,1.2800000000000011,13.23999999999998,0.0,0.2899999999999636,0.12000000000000455,0.0,1.98,1.76
2017-02-20,5,6.939999999999998,1.9300000000000068,3.0,0.0,0.04999999999998295,0.0800000000000125,0.0,0.75,0.010000000000019327,0.09000000000000341,0.07999999999998408,0.9099999999999966,1.1399999999999864,3.3600000000000136,0.0,0.7400000000000091,0.9199999999999875,0.020000000000010232,0.060000000000002274,0.030000000000001137,0.5100000000000193,0.12999999999999545,0.4000000000000341,0.18000000000000682,0.0,0.85,7.8
2017-02-21,5,0.16999999999995907,0.5299999999999727,4.650000000000034,0.0,0.13000000000002387,0.1699999999999875,0.0,0.0,0.0,0.7199999999999989,2.2900000000000205,1.5900000000000034,5.340000000000003,1.9699999999999704,0.0,9.049999999999955,0.7400000000000091,2.1299999999999955,0.14000000000001478,0.020000000000010232,2.799999999999983,0.12000000000000455,0.8100000000000023,0.8899999999999864,0.0,1.37,0.0
2017-02-22,5,0.0,0.9499999999999886,0.38999999999998636,0.75,9.73999999999998,2.509999999999991,0.01999999999998181,0.37999999999999545,0.009999999999990905,0.12000000000000455,0.0,0.06999999999999318,0.37000000000000455,0.0,4.710000000000008,49.650000000000034,0.0,1.6099999999999852,0.07999999999998408,0.01999999999998181,0.21000000000000796,0.0,0.0,0.040000000000020464,0.19999999999998863,2.87,9.22
2017-02-23,5,0.0,1.1899999999999977,1.8899999999999864,0.18000000000000682,0.0,0.160000000000025,0.05000000000001137,0.36000000000001364,0.2400000000000091,0.45999999999997954,0.7199999999999989,0.1599999999999966,0.0,0.05000000000001137,17.00999999999999,48.860000000000014,0.0,0.09000000000000341,0.3499999999999943,5.640000000000015,1.5300000000000011,0.0,0.0,0.0,20.47,3.98,0.24
2017-02-24,5,0.18000000000000682,0.0,-0.009999999999990905,13.109999999999957,0.0,0.0,5.150000000000006,2.4000000000000057,0.9299999999999784,14.120000000000005,0.18999999999999773,0.3300000000000125,0.0,0.09000000000003183,0.12000000000000455,1.92999999999995,0.020000000000010232,1.490000000000009,7.130000000000024,0.01999999999998181,0.710000000000008,0.5400000000000205,0.029999999999972715,0.22999999999996135,6.0,2.19,0.0
2017-02-25,5,0.8100000000000023,0.009999999999990905,0.160000000000025,7.890000000000043,0.020000000000010232,0.5999999999999943,1.039999999999992,0.8199999999999932,0.0,6.210000000000008,0.5900000000000034,0.01999999999998181,0.0,0.2699999999999818,0.030000000000001137,0.3100000000000023,0.0,1.3400000000000034,4.939999999999998,0.010000000000019327,0.0,0.01999999999998181,0.5900000000000318,0.160000000000025,1.0700000000000216,1.08,0.02
2017-02-26,5,0.12000000000000455,8.560000000000002,0.839999999999975,2.7299999999999613,0.0,1.5699999999999932,0.8899999999999864,0.6400000000000148,0.0,3.530000000000001,0.0,21.170000000000016,0.4099999999999966,0.5500000000000114,1.3499999999999943,0.03000000000002956,7.519999999999982,0.07999999999998408,1.8700000000000045,2.1599999999999966,0.0,0.6700000000000159,0.07999999999998408,0.8000000000000114,0.0,2.22,0.0
2017-02-27,5,0.0,35.58000000000004,0.9499999999999886,7.480000000000018,5.969999999999999,5.02000000000001,0.18000000000000682,0.03999999999999204,0.30000000000001137,0.6299999999999955,1.6699999999999875,1.079999999999984,0.44999999999998863,0.5500000000000114,5.200000000000017,0.0,17.42999999999998,1.5600000000000023,3.169999999999959,0.1599999999999966,0.789999999999992,3.289999999999992,1.0699999999999932,5.729999999999961,4.429999999999978,4.11,0.0
2017-02-28,5,1.4300000000000068,3.4699999999999704,0.0,0.08999999999997499,1.4499999999999886,0.04999999999998295,0.28000000000000114,8.219999999999999,0.21000000000000796,5.490000000000009,0.710000000000008,1.7900000000000205,0.0,0.6199999999999477,1.8100000000000023,0.05000000000001137,2.5100000000000477,0.9900000000000091,0.03000000000002956,0.12999999999999545,0.9699999999999989,14.139999999999986,1.2800000000000296,2.0400000000000205,0.0,1.91,0.0
2017-03-01,6,22.029999999999973,0.0,2.0400000000000205,0.11000000000001364,0.0,-0.009999999999990905,5.039999999999992,0.0,0.0,0.5199999999999818,4.460000000000008,2.509999999999991,0.5600000000000023,0.020000000000038654,1.9399999999999977,0.01999999999998181,0.07999999999998408,0.01999999999998181,0.060000000000002274,0.30000000000001137,0.4000000000000057,24.930000000000035,0.8700000000000045,0.0,0.0,2.64,0.22
2017-03-02,6,0.11000000000001364,0.0,9.389999999999986,0.1500000000000341,10.110000000000014,0.2599999999999909,0.5300000000000011,0.12999999999999545,1.1399999999999864,0.2400000000000091,0.19999999999998863,0.4200000000000159,0.0,0.0,0.060000000000002274,2.1200000000000045,2.329999999999984,4.020000000000039,41.0,0.29999999999998295,5.8799999999999955,0.3499999999999659,12.609999999999957,0.1500000000000341,2.2900000000000205,3.75,1.57
2017-03-03,6,1.670000000000016,0.28000000000002956,0.0,0.1099999999999568,4.25,0.5200000000000102,0.13000000000002387,20.080000000000013,9.340000000000032,0.009999999999990905,14.199999999999989,24.46999999999997,0.2300000000000182,0.0,0.0,0.6399999999999864,1.9700000000000273,1.0199999999999818,1.1499999999999773,0.30000000000001137,2.6599999999999966,0.5300000000000296,4.199999999999989,0.0,0.8100000000000023,3.54,0.02
2017-03-04,6,0.13999999999998636,0.8499999999999659,0.0,8.200000000000045,5.349999999999994,1.1699999999999875,0.009999999999990905,0.6299999999999955,0.92999999999995,0.950000000000017,1.0500000000000114,14.990000000000009,0.2599999999999909,0.0,0.0,0.12999999999999545,0.009999999999990905,15.779999999999973,0.009999999999990905,0.030000000000001137,0.0,1.2399999999999523,0.0,0.009999999999990905,0.07999999999998408,2.07,0.0
2017-03-05,6,0.13999999999998636,0.0,0.7700000000000387,0.0,1.4699999999999989,0.0800000000000125,0.9699999999999989,0.0,0.1500000000000341,0.1699999999999875,0.0,0.0,1.3100000000000023,0.03999999999996362,21.480000000000018,1.670000000000016,0.0,0.7200000000000273,0.010000000000047748,0.009999999999990905,0.0,7.3700000000000045,0.0,0.0,0.5699999999999932,1.48,0.31
2017-03-06,6,4.930000000000007,0.020000000000038654,1.5499999999999545,5.079999999999984,0.5699999999999932,0.020000000000010232,0.0,0.19999999999998863,0.0,0.030000000000001137,0.44999999999998863,0.0,0.0,0.0,1.5399999999999636,0.18000000000000682,20.94999999999999,0.2400000000000091,0.0,0.0,0.009999999999990905,2.8600000000000136,0.5800000000000409,0.060000000000002274,0.28000000000002956,1.58,1.53
2017-03-07,6,9.240000000000009,5.089999999999975,0.09000000000003183,25.21999999999997,0.0,0.0,0.44999999999998863,0.03999999999999204,0.0,0.0,22.870000000000005,3.240000000000009,0.0,0.3900000000000432,0.07999999999998408,0.06999999999999318,9.53000000000003,0.0,0.03999999999996362,2.9000000000000057,0.0,2.3500000000000227,3.9699999999999704,0.0,1.7899999999999636,3.49,1.84
2017-03-08,6,0.05000000000001137,0.0,0.0,1.1400000000000432,0.040000000000020464,0.23999999999998067,0.13000000000002387,1.6500000000000057,2.7099999999999795,0.7700000000000102,0.9200000000000159,0.0,0.0,0.4900000000000091,0.5800000000000409,0.0,3.819999999999993,1.0199999999999818,0.9499999999999886,0.0,1.3700000000000045,2.2799999999999727,6.319999999999993,1.839999999999975,0.0,1.05,0.0
2017-03-09,6,0.4300000000000068,18.420000000000016,0.12999999999999545,0.0,0.0,0.0,1.3599999999999852,2.480000000000018,0.5,0.28999999999999204,1.3999999999999773,0.17000000000001592,0.22999999999998977,0.0999999999999659,0.8199999999999932,0.0,0.5,0.18000000000000682,0.040000000000020464,0.0,0.0,0.4000000000000341,10.310000000000002,2.840000000000032,0.0,1.62,0.07
2017-03-10,6,10.110000000000014,1.1999999999999886,4.019999999999982,0.0,0.0,1.6599999999999966,0.060000000000002274,0.30999999999997385,1.7100000000000364,0.0800000000000125,0.3200000000000216,1.25,1.25,0.07999999999998408,0.2400000000000091,0.0,0.0,0.14999999999997726,0.6700000000000159,0.0,0.0,5.729999999999961,0.0,0.0,16.069999999999993,1.8,0.0
2017-03-11,6,3.099999999999966,0.0,0.060000000000002274,0.9399999999999977,0.6099999999999852,8.810000000000002,0.0,0.7600000000000193,0.0,0.05999999999997385,0.03999999999999204,0.6099999999999568,27.980000000000018,0.060000000000002274,0.38999999999998636,0.040000000000020464,0.07999999999998408,7.900000000000034,1.6899999999999977,1.2800000000000011,0.06999999999999318,0.410000000000025,0.160000000000025,6.349999999999966,3.420000000000016,2.59,0.0
2017-03-12,6,0.0,0.0,0.0,5.899999999999977,12.830000000000013,8.25,0.0,0.0,1.6499999999999773,0.05000000000001137,0.060000000000002274,0.0,57.78999999999999,3.8700000000000045,0.060000000000002274,0.0999999999999659,0.339999999999975,0.0,1.6800000000000068,3.75,0.0,1.7099999999999795,0.0,1.2200000000000273,16.110000000000014,4.61,0.0
2017-03-13,6,1.0300000000000296,0.6299999999999955,0.0,0.18000000000000682,0.38999999999998636,12.610000000000014,3.6200000000000045,0.10999999999998522,0.0,0.0,0.46000000000000796,1.0900000000000318,6.990000000000009,2.090000000000032,3.509999999999991,0.0,0.4600000000000364,1.3199999999999932,0.0,0.4300000000000068,0.0,0.09000000000003183,0.06999999999999318,0.3499999999999659,3.9499999999999886,1.58,0.0
2017-03-14,6,1.9499999999999886,0.35000000000002274,0.0,1.9800000000000182,0.0,6.549999999999983,0.12999999999999545,7.960000000000008,0.7699999999999818,0.0,6.25,1.5,0.0,0.0,35.43000000000001,0.0,2.829999999999984,0.0999999999999659,0.03999999999996362,0.09000000000000341,0.7199999999999989,0.6299999999999955,0.0,0.35000000000002274,0.0,2.71,0.37
2017-03-15,6,0.0,2.3100000000000023,0.0,1.6299999999999955,3.170000000000016,0.4900000000000091,16.950000000000017,0.46999999999999886,0.10000000000002274,2.509999999999991,28.70999999999998,0.029999999999972715,0.0,0.18999999999999773,7.420000000000016,1.0200000000000387,1.4599999999999795,0.0,0.0,0.0,18.51000000000002,0.5699999999999932,0.0,3.099999999999966,2.480000000000018,3.64,0.04
2017-03-16,6,9.189999999999998,1.9699999999999704,0.0,0.0,1.2699999999999818,0.009999999999990905,2.75,0.0,0.0,0.6800000000000068,4.579999999999984,3.5200000000000387,0.3699999999999761,0.12000000000000455,0.6399999999999864,4.869999999999948,7.860000000000014,0.3100000000000023,18.49000000000001,0.0,2.829999999999984,0.14999999999997726,0.07999999999998408,0.020000000000038654,0.3199999999999932,2.4,0.0
2017-03-17,6,0.0,0.8600000000000136,0.03000000000002956,3.169999999999959,0.37000000000000455,1.920000000000016,0.0,13.159999999999997,1.240000000000009,0.46999999999999886,0.11000000000001364,0.9199999999999591,0.0,0.0,0.2699999999999818,0.0,0.30000000000001137,0.5200000000000387,0.009999999999990905,13.95999999999998,0.060000000000002274,0.0,0.0,0.0,1.75,1.56,0.0
2017-03-18,6,0.7099999999999795,2.980000000000018,0.0,3.740000000000009,0.6400000000000148,0.0,2.349999999999966,0.36000000000001364,7.849999999999966,0.0,0.8400000000000318,0.0,0.3800000000000239,1.6399999999999864,0.0,1.150000000000034,0.0,5.829999999999984,0.0,0.4099999999999966,0.0,0.3199999999999932,0.3100000000000023,0.01999999999998181,0.029999999999972715,1.18,0.0
2017-03-19,6,0.05000000000001137,3.3999999999999773,0.7899999999999636,0.9700000000000273,0.0,0.0,0.0,6.659999999999997,0.0,41.630000000000024,1.8599999999999568,8.660000000000025,0.09999999999999432,1.4300000000000068,0.0,0.07999999999998408,0.0,2.9399999999999977,5.2900000000000205,0.0,0.0,3.660000000000025,8.75,0.0,0.0,3.45,0.0
2017-03-20,6,0.060000000000002274,0.029999999999972715,11.28000000000003,0.0,0.2599999999999909,0.0,0.0,2.6999999999999886,5.480000000000018,3.4699999999999704,0.0,0.2400000000000091,0.0,0.0,0.910000000000025,6.019999999999982,0.8999999999999773,1.4599999999999795,14.259999999999991,0.0,0.7300000000000182,0.46999999999997044,4.8700000000000045,2.319999999999993,0.0,2.22,0.04
2017-03-21,6,0.13999999999998636,0.09000000000003183,0.18000000000000682,0.029999999999972715,0.0,0.030000000000001137,21.430000000000007,0.020000000000010232,0.11000000000001364,0.8400000000000318,0.09000000000003183,1.509999999999991,0.030000000000001137,0.0,0.0,0.0,8.300000000000011,0.6500000000000341,8.629999999999995,0.9699999999999989,1.3799999999999955,0.1500000000000341,0.009999999999990905,8.860000000000014,0.0,2.14,0.54
2017-03-22,6,0.28000000000002956,9.360000000000014,0.0,8.150000000000034,0.46999999999999886,0.12000000000000455,0.6100000000000136,0.37999999999999545,0.0,0.25,0.0,0.009999999999990905,3.6299999999999955,26.620000000000005,0.0,0.0,0.8799999999999955,0.009999999999990905,2.6100000000000136,10.350000000000023,3.1299999999999955,0.0999999999999659,15.260000000000048,0.01999999999998181,5.140000000000043,3.5,0.02
2017-03-23,6,0.5499999999999545,2.5600000000000023,1.6800000000000068,2.0600000000000023,0.009999999999990905,0.0,12.089999999999975,7.930000000000007,1.089999999999975,0.8999999999999773,0.4200000000000159,0.0,0.6699999999999875,0.0,0.0,0.0,0.08000000000004093,0.7900000000000205,0.0,1.4599999999999795,0.3199999999999932,3.75,0.03999999999996362,0.03000000000002956,7.2099999999999795,1.75,0.0
2017-03-24,6,29.57000000000005,0.839999999999975,0.0999999999999659,4.199999999999989,11.22999999999999,0.009999999999990905,59.10000000000002,1.1099999999999852,3.759999999999991,0.0,13.169999999999959,2.8700000000000045,5.469999999999999,2.3999999999999773,0.0,0.010000000000047748,0.0,2.3799999999999955,0.0,0.0,1.0300000000000011,0.0,0.0,0.05000000000001137,0.5199999999999818,5.51,0.0
2017-03-25,6,1.349999999999966,0.03000000000002956,0.0,0.0,0.5900000000000318,0.0,20.529999999999973,0.0,25.58000000000004,0.0,0.03000000000002956,2.8700000000000045,0.19000000000002615,33.29000000000002,0.0999999999999659,0.0,1.0299999999999727,1.240000000000009,0.0,0.0,0.0,0.07000000000005002,0.4700000000000273,0.0,0.1500000000000341,3.5,6.28
2017-03-26,6,1.5600000000000023,0.0,8.370000000000005,0.0,4.930000000000007,0.0,0.0,0.0,1.3999999999999773,2.160000000000025,0.6599999999999682,4.689999999999998,0.1599999999999966,0.18000000000000682,17.510000000000048,5.519999999999982,19.620000000000005,0.049999999999954525,1.7300000000000182,0.21999999999999886,0.0800000000000125,1.7699999999999818,0.21999999999997044,0.0,0.2599999999999909,2.84,1.38
2017-03-27,6,0.06999999999999318,30.159999999999968,0.12000000000000455,10.259999999999991,0.0,0.10999999999998522,0.0,0.0,0.01999999999998181,2.829999999999984,0.25,0.0,0.0,0.060000000000002274,0.03999999999996362,24.110000000000014,1.329999999999984,17.730000000000018,5.3799999999999955,1.700000000000017,6.1699999999999875,0.45999999999997954,0.040000000000020464,0.48999999999995225,10.329999999999984,4.47,2.19
2017-03-28,6,0.11000000000001364,0.01999999999998181,17.45999999999998,1.0,0.0,0.2300000000000182,0.040000000000020464,0.010000000000019327,0.0,8.620000000000005,0.10000000000002274,0.11000000000001364,1.009999999999991,1.4899999999999523,0.12999999999999545,3.25,0.3199999999999932,11.139999999999986,0.12999999999999545,0.06999999999999318,1.1100000000000136,0.5900000000000318,2.8999999999999773,0.040000000000020464,1.0,2.04,0.12
2017-03-29,6,11.980000000000018,0.0,0.21000000000003638,1.3000000000000114,0.23999999999995225,2.4499999999999886,0.0,17.159999999999997,0.0,0.0,9.519999999999982,0.0,1.2199999999999989,0.0,0.25,0.0,0.009999999999990905,1.6800000000000068,1.8199999999999932,0.009999999999990905,0.0,3.930000000000007,0.0,0.5199999999999818,9.639999999999986,2.48,0.01
2017-03-30,6,0.05000000000001137,0.0,0.0,0.7899999999999636,0.05000000000001137,0.0,0.0,0.01999999999998181,1.8199999999999932,0.0,64.03000000000003,0.0,0.030000000000001137,0.17000000000001592,0.0,0.0,1.740000000000009,0.040000000000020464,0.009999999999990905,0.2300000000000182,0.0,0.0,0.0,1.7300000000000182,8.79000000000002,3.18,0.0
2017-03-31,6,0.0,0.0,0.0,4.090000000000032,0.11000000000001364,0.010000000000019327,0.7099999999999795,1.759999999999991,0.0,0.0,25.70999999999998,0.06999999999999318,0.22999999999998977,1.0400000000000205,6.319999999999993,0.9599999999999795,0.05000000000001137,1.3000000000000114,0.0,0.0,2.6599999999999966,0.0,12.590000000000032,17.180000000000007,1.259999999999991,3.04,6.72
2017-04-01,7,0.0,0.0,0.009999999999990905,0.18000000000000682,0.060000000000002274,0.9099999999999966,0.0,4.240000000000009,0.08000000000004093,0.009999999999990905,1.990000000000009,1.509999999999991,2.660000000000025,0.0,34.370000000000005,1.0300000000000296,1.0699999999999932,0.5499999999999545,3.1000000000000227,0.060000000000002274,1.710000000000008,8.629999999999995,33.039999999999964,0.6000000000000227,-0.01999999999998181,3.83,4.91
2017-04-02,7,0.0,0.0,10.089999999999975,0.01999999999998181,0.0,1.1200000000000045,0.29000000000002046,0.03000000000002956,15.370000000000005,0.0,38.860000000000014,31.819999999999993,0.13999999999998636,9.96999999999997,0.0,2.609999999999957,11.560000000000002,2.1299999999999955,0.18999999999999773,0.0,0.2799999999999727,0.01999999999998181,17.379999999999995,0.2699999999999818,0.0,5.69,0.07
2017-04-03,7,0.17999999999994998,10.180000000000007,0.060000000000002274,0.38999999999998636,0.0,14.829999999999984,0.2599999999999909,0.0,0.06999999999999318,0.0,1.2199999999999704,3.740000000000009,0.0,17.480000000000018,0.0,0.12000000000000455,1.5300000000000296,0.12000000000000455,0.05000000000001137,0.0,0.030000000000001137,-0.009999999999990905,2.7200000000000273,1.6499999999999773,2.1299999999999955,2.27,0.01
2017-04-04,7,1.2700000000000387,9.140000000000043,0.2599999999999909,2.069999999999993,0.7699999999999818,7.310000000000002,0.0,0.1099999999999568,0.15999999999996817,0.0,27.54000000000002,0.5400000000000205,0.0,28.029999999999973,1.9600000000000364,9.220000000000027,5.639999999999986,12.689999999999998,20.019999999999982,0.28999999999999204,0.3900000000000148,0.0,0.0,0.03000000000002956,5.519999999999982,5.32,0.0
2017-04-05,7,0.38999999999998636,29.349999999999966,0.0,0.0,12.900000000000034,0.38999999999998636,17.150000000000034,0.34000000000003183,0.0,0.17000000000001592,11.680000000000007,0.5399999999999636,0.0,20.860000000000014,0.4300000000000068,1.7299999999999613,0.009999999999990905,0.07000000000005002,0.07999999999998408,0.0,0.0,17.279999999999973,0.4800000000000182,1.2899999999999636,1.660000000000025,4.67,8.81
2017-04-06,7,0.0,8.0,0.0,17.689999999999998,0.9699999999999704,0.9700000000000273,13.669999999999959,0.029999999999972715,0.0,0.0,37.099999999999966,0.06999999999999318,0.009999999999990905,1.1000000000000227,0.0,4.930000000000007,1.2200000000000273,0.0,0.25,0.0,2.5,2.0400000000000205,8.75,0.9300000000000068,0.37000000000000455,4.02,13.33
2017-04-07,7,9.870000000000005,0.0,0.0,16.670000000000016,0.0,0.0,0.05000000000001137,1.7600000000000477,3.330000000000041,12.449999999999989,0.7100000000000364,0.0,0.2300000000000182,0.060000000000002274,0.0,2.7900000000000205,0.0,0.0,0.0,17.650000000000006,0.0,0.0,23.389999999999986,0.0,0.0,3.56,0.02
2017-04-08,7,10.569999999999993,0.13999999999998636,1.670000000000016,0.0,0.21000000000003638,0.0,0.03000000000002956,1.009999999999991,1.8899999999999864,2.9699999999999704,0.4900000000000091,0.06999999999999318,5.229999999999961,0.36000000000001364,13.92999999999995,1.9699999999999704,1.419999999999959,0.6099999999999568,4.889999999999986,0.28999999999999204,0.0,39.170000000000016,0.0,0.8500000000000227,0.009999999999990905,3.51,0.0
2017-04-09,7,0.05000000000001137,0.0,6.9599999999999795,0.0,0.0,0.0,2.6200000000000045,0.0,0.13999999999998636,0.07000000000005002,0.36000000000001364,3.8000000000000114,0.6400000000000432,1.1599999999999682,3.3600000000000136,0.0,0.5900000000000318,1.2700000000000387,0.17000000000001592,0.0,0.1699999999999875,0.009999999999990905,0.0,2.829999999999984,13.240000000000009,1.5,0.94
2017-04-10,7,0.37000000000000455,-0.009999999999990905,0.0,0.0,0.009999999999990905,1.1499999999999773,0.0,0.0,0.040000000000020464,0.01999999999998181,10.949999999999932,0.07999999999998408,4.7099999999999795,1.2800000000000296,0.0,0.6000000000000227,0.0,13.180000000000007,0.0,0.0,0.0,0.0,0.4200000000000159,36.76999999999998,7.96999999999997,3.1,0.0
2017-04-11,7,12.70999999999998,0.0,0.3100000000000023,0.05000000000001137,0.060000000000002274,0.160000000000025,0.0,0.029999999999972715,17.870000000000005,0.12999999999999545,10.639999999999986,0.05000000000001137,5.550000000000011,0.5799999999999841,0.10000000000002274,4.300000000000011,0.0,2.339999999999975,0.2599999999999909,36.43000000000001,0.010000000000019327,0.0,1.75,4.730000000000018,0.0,3.92,9.47
2017-04-12,7,0.13999999999998636,24.620000000000005,0.0,0.5799999999999841,1.3899999999999864,0.40999999999996817,0.0,0.0,0.0,1.6000000000000227,0.0,2.7700000000000387,0.2699999999999818,0.0,14.919999999999959,0.01999999999998181,0.009999999999990905,0.3100000000000023,0.10000000000002274,11.129999999999967,0.0,8.550000000000011,2.1299999999999955,0.5099999999999909,0.0,2.78,0.03
2017-04-13,7,0.160000000000025,0.01999999999998181,0.0,25.340000000000032,0.11000000000001364,30.390000000000043,2.4699999999999704,0.009999999999990905,0.9399999999999977,1.0499999999999545,0.0,9.339999999999975,0.0,0.0,1.3800000000000523,0.009999999999990905,0.0,6.050000000000011,0.17000000000001592,0.0,0.09000000000000341,0.060000000000002274,0.0,1.4399999999999977,0.05000000000001137,3.16,0.01
2017-04-14,7,0.38999999999998636,0.0,0.2300000000000182,1.1200000000000045,0.0,0.0999999999999659,0.01999999999998181,0.060000000000002274,0.01999999999998181,0.0,19.180000000000064,2.509999999999991,0.0,0.05000000000001137,0.5499999999999545,2.6100000000000136,0.37999999999999545,0.19999999999998863,8.609999999999957,3.1000000000000227,0.009999999999990905,0.0,0.009999999999990905,6.240000000000009,23.20999999999998,2.74,1.43
2017-04-15,7,0.0,0.0,0.4700000000000273,0.12999999999999545,7.039999999999964,0.19999999999998863,23.24000000000001,0.5900000000000318,10.670000000000016,0.040000000000020464,13.629999999999995,0.0,0.0,0.0,0.0,0.3299999999999841,0.0,0.12999999999999545,1.5400000000000205,0.0,0.29999999999998295,0.45999999999997954,0.21999999999997044,0.0,0.03000000000002956,2.36,0.05
2017-04-16,7,0.3100000000000023,5.839999999999975,0.0,0.1099999999999568,11.319999999999993,0.0,0.009999999999990905,0.0,0.2899999999999636,0.0,0.15999999999996817,14.050000000000011,42.52000000000004,16.089999999999975,0.0,0.660000000000025,2.0,10.660000000000025,0.0,0.8899999999999864,0.2600000000000193,0.0,0.11000000000001364,0.3299999999999841,0.0,4.22,0.0
2017-04-17,7,0.2599999999999909,0.0,1.8799999999999955,0.020000000000038654,0.040000000000020464,10.100000000000023,0.020000000000038654,2.259999999999991,1.5600000000000023,0.0,4.730000000000018,10.800000000000011,1.75,0.4300000000000068,0.0,0.0,3.8799999999999955,3.9399999999999977,0.0,3.5500000000000114,0.0,0.0,0.660000000000025,0.0,0.0,1.84,16.84
2017-04-18,7,0.009999999999990905,0.0,0.0,0.0,0.0,9.5,0.6499999999999773,0.3100000000000023,0.11000000000001364,0.01999999999998181,0.12000000000000455,0.0,0.22999999999996135,0.0,0.11000000000001364,0.2300000000000182,1.5699999999999932,0.009999999999990905,1.2300000000000182,0.0,0.009999999999990905,9.259999999999991,9.659999999999968,0.0,0.0,1.32,10.43
2017-04-19,7,0.0,0.05000000000006821,0.0,0.0,1.2699999999999818,2.8799999999999955,0.410000000000025,0.4200000000000159,0.0,1.1200000000000045,0.0,0.22999999999996135,0.040000000000020464,0.0,63.09000000000003,28.549999999999955,6.090000000000032,0.0,0.0,0.0,0.0,0.5400000000000205,4.740000000000009,0.0,4.949999999999989,4.58,0.03
2017-04-20,7,0.020000000000038654,0.37000000000000455,0.0,0.05000000000001137,6.420000000000016,0.009999999999990905,0.3499999999999659,0.08999999999997499,0.0,0.2599999999999909,0.05999999999994543,0.6200000000000045,17.539999999999964,0.0,1.3799999999999955,0.0,0.1099999999999568,0.0,0.0,1.5400000000000205,11.009999999999991,0.0,0.0,0.040000000000020464,14.04000000000002,2.16,0.03
2017-04-21,7,0.0,0.03999999999996362,0.0,0.0,0.8799999999999955,0.29000000000002046,0.5200000000000387,3.9399999999999977,0.410000000000025,1.5200000000000387,0.0,2.9600000000000364,2.4700000000000273,0.0,0.5399999999999636,0.29000000000002046,0.07000000000005002,9.240000000000009,28.620000000000005,0.7599999999999909,0.46000000000000796,1.2899999999999636,0.0,0.0,0.0,2.17,0.23
2017-04-22,7,0.0,1.7799999999999727,5.009999999999991,0.08999999999997499,36.150000000000034,0.12999999999999545,3.0399999999999636,0.0,29.20999999999998,0.06999999999999318,0.82000000000005,0.46999999999997044,0.20999999999997954,0.0,0.0,2.670000000000016,0.05999999999994543,0.06999999999999318,2.9599999999999795,0.20999999999997954,0.5099999999999909,0.010000000000047748,0.0,9.970000000000027,0.0,3.74,0.31
2017-04-23,7,0.12999999999999545,2.2700000000000955,0.0,0.0,0.12000000000000455,2.1299999999999955,2.569999999999993,0.0,3.490000000000009,0.0,15.450000000000045,0.0,10.170000000000016,0.06999999999999318,0.6100000000000136,0.8999999999999773,0.0,1.3199999999999932,0.0,0.0,0.030000000000001137,0.0,0.0,2.589999999999975,0.18000000000000682,1.68,0.0
2017-04-24,7,6.819999999999993,0.0,0.01999999999998181,0.0,22.799999999999955,1.6899999999999977,16.670000000000016,3.480000000000018,0.009999999999990905,1.4799999999999613,0.0,0.28000000000002956,0.25,6.699999999999989,1.5699999999999932,40.71999999999997,14.720000000000027,0.0,0.0,0.5600000000000023,0.05000000000001137,0.7199999999999704,0.01999999999998181,0.08999999999997499,2.509999999999991,4.85,0.0
2017-04-25,7,0.37000000000000455,0.0,17.75,2.4699999999999704,0.8799999999999955,0.0,1.0300000000000296,0.0999999999999659,0.009999999999990905,0.0,0.0,0.3299999999999841,0.0,29.08000000000004,0.0,4.280000000000086,5.100000000000023,15.930000000000007,7.639999999999986,0.1500000000000341,22.109999999999985,0.9499999999999886,0.0,0.6900000000000546,1.579999999999984,4.42,0.0
2017-04-26,7,0.34000000000003183,4.1299999999999955,18.49000000000001,12.180000000000007,0.26000000000004775,0.0,0.3199999999999932,0.0,0.060000000000002274,0.0,3.199999999999932,0.009999999999990905,0.12000000000000455,0.0,28.210000000000036,6.5499999999999545,1.5499999999999545,6.729999999999961,0.0,0.0,0.009999999999990905,0.0,0.0,1.42999999999995,0.0,3.34,0.04
2017-04-27,7,0.0,0.01999999999998181,0.0,18.02000000000004,0.0,0.10000000000002274,13.579999999999984,0.0,0.0,0.0,2.060000000000059,0.0,0.0,0.0,3.6100000000000136,24.840000000000032,0.7100000000000364,0.9200000000000159,0.0,5.699999999999989,0.060000000000002274,6.1299999999999955,0.9800000000000182,0.060000000000002274,10.649999999999977,3.5,0.0
2017-04-28,7,0.7799999999999727,0.31999999999993634,0.3199999999999932,7.449999999999932,0.25,0.13999999999998636,12.829999999999984,0.27000000000003865,0.0,0.7900000000000205,0.18999999999994088,0.0,6.480000000000018,0.1099999999999568,11.990000000000009,6.089999999999918,0.8499999999999659,2.4499999999999886,0.0,1.1299999999999955,0.0,0.0,2.0500000000000114,24.879999999999995,1.5600000000000023,3.24,0.0
2017-04-29,7,2.1399999999999864,0.8799999999999955,0.0,1.080000000000041,0.07999999999998408,4.240000000000009,0.910000000000025,0.060000000000002274,10.54000000000002,17.680000000000007,0.0,0.0,0.37999999999999545,8.460000000000036,4.069999999999936,0.3300000000000409,12.170000000000016,6.3700000000000045,0.040000000000020464,0.0,0.040000000000020464,0.0,3.9699999999999704,0.020000000000038654,21.77000000000004,3.81,0.0
2017-04-30,7,20.210000000000036,2.550000000000068,0.0,0.10000000000002274,7.060000000000002,8.439999999999998,0.029999999999972715,10.659999999999968,0.8799999999999955,0.2799999999999727,0.08000000000004093,0.410000000000025,0.6899999999999977,22.060000000000002,2.840000000000032,0.0,0.4700000000000273,0.0,0.46999999999997044,0.0,0.0,13.300000000000011,0.0,0.0,3.6999999999999886,3.77,0.03
2017-05-01,8,0.8299999999999272,0.16999999999995907,0.0,0.0,4.089999999999975,0.0,0.2400000000000091,9.910000000000025,0.9800000000000182,0.040000000000020464,0.0,4.759999999999991,0.0,0.0,0.75,0.0,0.0999999999999659,0.040000000000020464,0.21000000000003638,11.240000000000009,0.0,0.5300000000000296,0.5699999999999932,0.060000000000002274,0.07999999999998408,1.38,0.0
2017-05-02,8,0.0,0.20000000000004547,0.009999999999990905,0.08000000000004093,0.0,0.05000000000001137,0.040000000000020464,36.579999999999984,0.0,0.6500000000000341,0.0,0.19999999999998863,0.0,0.0,3.8199999999999363,2.009999999999991,0.0,0.009999999999990905,0.0,0.18000000000000682,0.0,8.75,4.100000000000023,0.12000000000000455,0.17000000000001592,2.28,0.0
2017-05-03,8,0.0,3.1399999999999864,0.160000000000025,0.009999999999990905,0.5600000000000023,0.05999999999994543,0.0,20.879999999999995,0.0,1.7899999999999636,17.629999999999995,0.0,0.0,0.05999999999994543,1.82000000000005,0.0,0.19999999999998863,0.6499999999999773,0.6899999999999977,0.0,0.0,1.2099999999999795,0.14999999999997726,9.310000000000002,0.0,2.33,0.0
