catchment,date,month,leadtime,CRPS,CRPS_ref,CRPSS,count
A,2011_1,1,1,15.414,10.15,-0.519,0.0
A,2011_2,2,1,6.337,18.255,0.653,1.0
A,2011_3,3,1,19.875,5.8,-2.427,0.0
A,2011_4,4,1,67.125,78.034,0.14,1.0
A,2011_5,5,1,63.399,25.145,-1.521,0.0
A,2011_6,6,1,210.352,231.708,0.092,1.0
A,2011_7,7,1,415.93,223.339,-0.862,0.0
A,2011_8,8,1,59.087,32.884,-0.797,0.0
A,2011_9,9,1,14.799,41.496,0.643,1.0
A,2011_10,10,1,13.12,10.313,-0.272,0.0
A,2011_11,11,1,18.577,21.825,0.149,1.0
A,2011_12,12,1,14.558,4.134,-2.522,0.0
A,2012_1,1,1,11.626,3.31,-2.512,0.0
A,2012_2,2,1,18.182,9.667,-0.881,0.0
A,2012_3,3,1,5.894,22.309,0.736,1.0
A,2012_4,4,1,16.211,41.124,0.606,1.0
A,2012_5,5,1,8.025,26.877,0.701,1.0
A,2012_6,6,1,29.531,36.756,0.197,1.0
A,2012_7,7,1,78.473,31.902,-1.46,0.0
A,2012_8,8,1,127.495,47.38,-1.691,0.0
A,2012_9,9,1,37.91,49.268,0.231,1.0
A,2012_10,10,1,13.365,10.826,-0.235,0.0
A,2012_11,11,1,8.049,17.681,0.545,1.0
A,2012_12,12,1,7.186,27.409,0.738,1.0
A,2013_1,1,1,3.41,7.325,0.534,1.0
A,2013_2,2,1,12.872,15.235,0.155,1.0
A,2013_3,3,1,9.201,11.29,0.185,1.0
A,2013_4,4,1,6.681,12.328,0.458,1.0
A,2013_5,5,1,9.57,8.346,-0.147,0.0
A,2013_6,6,1,46.512,17.452,-1.665,0.0
A,2013_7,7,1,131.82,119.486,-0.103,0.0
A,2013_8,8,1,12.44,98.371,0.874,1.0
A,2013_9,9,1,34.812,40.151,0.133,1.0
A,2013_10,10,1,34.437,9.605,-2.585,0.0
A,2013_11,11,1,7.262,16.287,0.554,1.0
A,2013_12,12,1,6.708,6.57,-0.021,0.0
A,2014_1,1,1,14.516,2.934,-3.948,0.0
A,2014_2,2,1,19.059,4.991,-2.819,0.0
A,2014_3,3,1,15.614,6.578,-1.374,0.0
A,2014_4,4,1,10.796,8.456,-0.277,0.0
A,2014_5,5,1,29.072,36.406,0.201,1.0
A,2014_6,6,1,26.678,34.956,0.237,1.0
A,2014_7,7,1,65.8,129.559,0.492,1.0
A,2014_8,8,1,22.014,32.884,0.331,1.0
A,2014_9,9,1,25.763,38.329,0.328,1.0
A,2014_10,10,1,66.576,56.955,-0.169,0.0
A,2014_11,11,1,6.097,5.031,-0.212,0.0
A,2014_12,12,1,12.252,2.099,-4.837,0.0
A,2015_1,1,1,12.149,2.522,-3.817,0.0
A,2015_2,2,1,12.126,4.387,-1.764,0.0
A,2015_3,3,1,17.557,6.318,-1.779,0.0
A,2015_4,4,1,26.491,12.684,-1.089,0.0
A,2015_5,5,1,44.65,44.413,-0.005,0.0
A,2015_6,6,1,35.256,29.656,-0.189,0.0
A,2015_7,7,1,24.974,71.337,0.65,1.0
A,2015_8,8,1,21.532,106.343,0.798,1.0
A,2015_9,9,1,62.271,56.4,-0.104,0.0
A,2015_10,10,1,9.174,12.117,0.243,1.0
A,2015_11,11,1,11.611,81.328,0.857,1.0
A,2015_12,12,1,17.886,9.489,-0.885,0.0
A,2016_1,1,1,23.572,9.724,-1.424,0.0
A,2016_2,2,1,10.039,19.735,0.491,1.0
A,2016_3,3,1,47.519,6.15,-6.727,0.0
A,2016_4,4,1,12.633,26.02,0.514,1.0
A,2016_5,5,1,35.736,14.255,-1.507,0.0
A,2016_6,6,1,70.857,68.942,-0.028,0.0
A,2016_7,7,1,78.823,89.005,0.114,1.0
A,2016_8,8,1,23.949,105.977,0.774,1.0
A,2016_9,9,1,34.186,35.656,0.041,1.0
A,2016_10,10,1,12.364,27.713,0.554,1.0
A,2016_11,11,1,15.21,5.343,-1.847,0.0
A,2016_12,12,1,8.974,36.389,0.753,1.0
A,2017_1,1,1,7.1,2.608,-1.722,0.0
A,2017_2,2,1,9.3,4.412,-1.108,0.0
A,2017_3,3,1,13.887,6.812,-1.039,0.0
A,2017_4,4,1,9.959,10.428,0.045,1.0
A,2017_5,5,1,41.657,48.44,0.14,1.0
A,2017_6,6,1,47.029,42.449,-0.108,0.0
A,2017_7,7,1,85.803,109.22,0.214,1.0
A,2017_8,8,1,30.344,33.091,0.083,1.0
A,2017_9,9,1,25.123,49.676,0.494,1.0
A,2017_10,10,1,38.713,8.857,-3.371,0.0
A,2017_11,11,1,9.35,5.57,-0.679,0.0
A,2017_12,12,1,2.543,3.494,0.272,1.0
A,2018_1,1,1,7.939,3.936,-1.017,0.0
A,2018_2,2,1,6.392,5.54,-0.154,0.0
A,2018_3,3,1,12.991,25.762,0.496,1.0
A,2018_4,4,1,14.801,52.192,0.716,1.0
A,2018_5,5,1,55.156,71.607,0.23,1.0
A,2018_6,6,1,28.027,30.796,0.09,1.0
A,2018_7,7,1,15.59,43.545,0.642,1.0
A,2018_8,8,1,146.264,43.83,-2.337,0.0
A,2018_9,9,1,18.755,51.414,0.635,1.0
A,2018_10,10,1,16.837,53.636,0.686,1.0
A,2018_11,11,1,8.229,21.081,0.61,1.0
A,2018_12,12,1,4.104,13.444,0.695,1.0
A,2019_1,1,1,23.993,11.655,-1.059,0.0
A,2019_2,2,1,18.715,12.308,-0.521,0.0
A,2019_3,3,1,8.79,10.597,0.171,1.0
A,2019_4,4,1,7.912,9.117,0.132,1.0
A,2019_5,5,1,26.811,48.591,0.448,1.0
A,2019_6,6,1,33.774,33.676,-0.003,0.0
A,2019_7,7,1,25.685,63.345,0.595,1.0
A,2019_8,8,1,18.845,92.127,0.795,1.0
A,2019_9,9,1,19.763,52.581,0.624,1.0
A,2019_10,10,1,65.317,29.16,-1.24,0.0
A,2019_11,11,1,21.475,32.228,0.334,1.0
A,2019_12,12,1,11.797,1.992,-4.922,0.0
A,2020_1,1,1,11.501,47.927,0.76,1.0
A,2020_2,2,1,7.464,24.877,0.7,1.0
A,2020_3,3,1,39.33,6.641,-4.922,0.0
A,2020_4,4,1,20.702,17.404,-0.189,0.0
A,2020_5,5,1,17.373,10.89,-0.595,0.0
A,2020_6,6,1,30.007,33.516,0.105,1.0
A,2020_7,7,1,25.734,29.386,0.124,1.0
A,2020_8,8,1,163.05,160.881,-0.013,0.0
A,2020_9,9,1,19.395,65.491,0.704,1.0
A,2020_10,10,1,21.201,22.673,0.065,1.0
A,2020_11,11,1,6.839,9.726,0.297,1.0
A,2020_12,12,1,8.34,3.434,-1.429,0.0
A,2011_1,1,2,5.182,8.72,0.406,1.0
A,2011_2,2,2,22.699,15.716,-0.444,0.0
A,2011_3,3,2,32.898,69.042,0.524,1.0
A,2011_4,4,2,108.627,101.523,-0.07,0.0
A,2011_5,5,2,219.876,265.118,0.171,1.0
A,2011_6,6,2,615.107,443.906,-0.386,0.0
A,2011_7,7,2,528.011,161.082,-2.278,0.0
A,2011_8,8,2,55.0,73.985,0.257,1.0
A,2011_9,9,2,23.746,38.573,0.384,1.0
A,2011_10,10,2,15.081,22.077,0.317,1.0
A,2011_11,11,2,39.727,24.159,-0.644,0.0
A,2011_12,12,2,39.305,3.646,-9.78,0.0
A,2012_1,1,2,45.036,15.173,-1.968,0.0
A,2012_2,2,2,23.789,12.046,-0.975,0.0
A,2012_3,3,2,19.186,60.731,0.684,1.0
A,2012_4,4,2,15.55,16.86,0.078,1.0
A,2012_5,5,2,44.489,71.416,0.377,1.0
A,2012_6,6,2,65.294,29.218,-1.235,0.0
A,2012_7,7,2,214.48,52.932,-3.052,0.0
A,2012_8,8,2,81.588,70.133,-0.163,0.0
A,2012_9,9,2,36.952,46.722,0.209,1.0
A,2012_10,10,2,13.878,19.01,0.27,1.0
A,2012_11,11,2,7.694,43.974,0.825,1.0
A,2012_12,12,2,8.681,34.142,0.746,1.0
A,2013_1,1,2,7.673,22.858,0.664,1.0
A,2013_2,2,2,30.044,23.219,-0.294,0.0
A,2013_3,3,2,17.152,14.295,-0.2,0.0
A,2013_4,4,2,11.951,17.115,0.302,1.0
A,2013_5,5,2,38.812,16.842,-1.304,0.0
A,2013_6,6,2,111.019,93.803,-0.184,0.0
A,2013_7,7,2,87.148,47.844,-0.822,0.0
A,2013_8,8,2,26.15,115.512,0.774,1.0
A,2013_9,9,2,25.48,35.15,0.275,1.0
A,2013_10,10,2,29.184,9.7,-2.009,0.0
A,2013_11,11,2,7.204,20.142,0.642,1.0
A,2013_12,12,2,24.984,4.748,-4.262,0.0
A,2014_1,1,2,33.388,4.795,-5.963,0.0
A,2014_2,2,2,45.401,9.331,-3.866,0.0
A,2014_3,3,2,43.926,11.981,-2.666,0.0
A,2014_4,4,2,41.953,38.936,-0.077,0.0
A,2014_5,5,2,67.256,80.394,0.163,1.0
A,2014_6,6,2,118.217,178.763,0.339,1.0
A,2014_7,7,2,35.839,139.269,0.743,1.0
A,2014_8,8,2,23.632,78.699,0.7,1.0
A,2014_9,9,2,64.406,55.485,-0.161,0.0
A,2014_10,10,2,48.957,55.301,0.115,1.0
A,2014_11,11,2,16.374,5.804,-1.821,0.0
A,2014_12,12,2,27.773,3.525,-6.879,0.0
A,2015_1,1,2,38.689,4.495,-7.607,0.0
A,2015_2,2,2,50.784,8.956,-4.67,0.0
A,2015_3,3,2,26.468,10.532,-1.513,0.0
A,2015_4,4,2,92.328,31.978,-1.887,0.0
A,2015_5,5,2,71.294,81.398,0.124,1.0
A,2015_6,6,2,117.647,113.394,-0.038,0.0
A,2015_7,7,2,40.157,219.785,0.817,1.0
A,2015_8,8,2,97.789,190.115,0.486,1.0
A,2015_9,9,2,53.126,49.94,-0.064,0.0
A,2015_10,10,2,38.1,79.23,0.519,1.0
A,2015_11,11,2,17.11,91.604,0.813,1.0
A,2015_12,12,2,48.219,3.597,-12.405,0.0
A,2016_1,1,2,19.923,10.311,-0.932,0.0
A,2016_2,2,2,15.028,14.947,-0.005,0.0
A,2016_3,3,2,39.158,16.992,-1.304,0.0
A,2016_4,4,2,26.075,17.615,-0.48,0.0
A,2016_5,5,2,124.447,84.536,-0.472,0.0
A,2016_6,6,2,53.021,33.846,-0.567,0.0
A,2016_7,7,2,39.235,56.605,0.307,1.0
A,2016_8,8,2,86.372,158.658,0.456,1.0
A,2016_9,9,2,18.103,35.143,0.485,1.0
A,2016_10,10,2,15.212,16.076,0.054,1.0
A,2016_11,11,2,6.445,19.731,0.673,1.0
A,2016_12,12,2,9.106,28.747,0.683,1.0
A,2017_1,1,2,19.444,4.667,-3.166,0.0
A,2017_2,2,2,39.724,8.569,-3.636,0.0
A,2017_3,3,2,23.11,12.081,-0.913,0.0
A,2017_4,4,2,63.089,39.176,-0.61,0.0
A,2017_5,5,2,93.651,104.078,0.1,1.0
A,2017_6,6,2,84.806,56.723,-0.495,0.0
A,2017_7,7,2,116.677,65.791,-0.773,0.0
A,2017_8,8,2,58.377,99.688,0.414,1.0
A,2017_9,9,2,36.927,64.026,0.423,1.0
A,2017_10,10,2,42.457,11.241,-2.777,0.0
A,2017_11,11,2,20.524,7.463,-1.75,0.0
A,2017_12,12,2,18.03,3.525,-4.115,0.0
A,2018_1,1,2,12.538,4.718,-1.657,0.0
A,2018_2,2,2,8.197,28.913,0.716,1.0
A,2018_3,3,2,12.904,77.327,0.833,1.0
A,2018_4,4,2,80.886,121.317,0.333,1.0
A,2018_5,5,2,28.544,25.995,-0.098,0.0
A,2018_6,6,2,26.819,77.934,0.656,1.0
A,2018_7,7,2,114.456,53.389,-1.144,0.0
A,2018_8,8,2,157.728,70.133,-1.249,0.0
A,2018_9,9,2,53.156,70.958,0.251,1.0
A,2018_10,10,2,26.384,79.337,0.667,1.0
A,2018_11,11,2,7.979,34.554,0.769,1.0
A,2018_12,12,2,38.542,3.949,-8.76,0.0
A,2019_1,1,2,31.953,5.021,-5.364,0.0
A,2019_2,2,2,49.99,19.252,-1.597,0.0
A,2019_3,3,2,27.001,10.591,-1.549,0.0
A,2019_4,4,2,53.195,45.47,-0.17,0.0
A,2019_5,5,2,32.007,91.088,0.649,1.0
A,2019_6,6,2,64.991,108.843,0.403,1.0
A,2019_7,7,2,30.223,193.12,0.844,1.0
A,2019_8,8,2,36.305,97.813,0.629,1.0
A,2019_9,9,2,22.305,61.298,0.636,1.0
A,2019_10,10,2,38.002,61.488,0.382,1.0
A,2019_11,11,2,10.495,29.306,0.642,1.0
A,2019_12,12,2,7.767,44.169,0.824,1.0
A,2020_1,1,2,16.508,75.947,0.783,1.0
A,2020_2,2,2,39.432,15.818,-1.493,0.0
A,2020_3,3,2,104.229,29.716,-2.508,0.0
A,2020_4,4,2,15.443,16.971,0.09,1.0
A,2020_5,5,2,33.515,24.967,-0.342,0.0
A,2020_6,6,2,38.112,47.047,0.19,1.0
A,2020_7,7,2,339.669,114.178,-1.975,0.0
A,2020_8,8,2,203.263,170.34,-0.193,0.0
A,2020_9,9,2,38.392,47.448,0.191,1.0
A,2020_10,10,2,15.89,16.891,0.059,1.0
A,2020_11,11,2,16.105,6.739,-1.39,0.0
A,2020_12,12,2,31.775,14.337,-1.216,0.0
A,2011_1,1,3,21.039,10.508,-1.002,0.0
A,2011_2,2,3,25.792,92.159,0.72,1.0
A,2011_3,3,3,64.048,94.229,0.32,1.0
A,2011_4,4,3,338.125,355.532,0.049,1.0
A,2011_5,5,3,576.453,472.992,-0.219,0.0
A,2011_6,6,3,715.03,411.001,-0.74,0.0
A,2011_7,7,3,504.934,129.354,-2.904,0.0
A,2011_8,8,3,53.771,69.825,0.23,1.0
A,2011_9,9,3,30.955,46.373,0.332,1.0
A,2011_10,10,3,12.576,23.906,0.474,1.0
A,2011_11,11,3,63.155,17.349,-2.64,0.0
A,2011_12,12,3,80.772,11.72,-5.892,0.0
A,2012_1,1,3,49.376,10.536,-3.686,0.0
A,2012_2,2,3,10.296,46.407,0.778,1.0
A,2012_3,3,3,15.905,25.019,0.364,1.0
A,2012_4,4,3,50.869,29.863,-0.703,0.0
A,2012_5,5,3,64.326,43.697,-0.472,0.0
A,2012_6,6,3,197.489,48.725,-3.053,0.0
A,2012_7,7,3,212.919,48.513,-3.389,0.0
A,2012_8,8,3,81.07,68.414,-0.185,0.0
A,2012_9,9,3,39.022,53.439,0.27,1.0
A,2012_10,10,3,15.596,43.296,0.64,1.0
A,2012_11,11,3,12.372,50.896,0.757,1.0
A,2012_12,12,3,10.118,48.37,0.791,1.0
A,2013_1,1,3,23.17,30.613,0.243,1.0
A,2013_2,2,3,47.484,26.678,-0.78,0.0
A,2013_3,3,3,17.921,19.419,0.077,1.0
A,2013_4,4,3,17.39,20.835,0.165,1.0
A,2013_5,5,3,108.365,93.027,-0.165,0.0
A,2013_6,6,3,70.527,55.387,-0.273,0.0
A,2013_7,7,3,86.681,69.793,-0.242,0.0
A,2013_8,8,3,43.597,124.615,0.65,1.0
A,2013_9,9,3,29.209,35.373,0.174,1.0
A,2013_10,10,3,45.27,10.14,-3.464,0.0
A,2013_11,11,3,18.771,15.167,-0.238,0.0
A,2013_12,12,3,34.566,7.19,-3.808,0.0
A,2014_1,1,3,74.302,8.781,-7.462,0.0
A,2014_2,2,3,73.025,11.929,-5.122,0.0
A,2014_3,3,3,93.695,43.137,-1.172,0.0
A,2014_4,4,3,76.412,86.085,0.112,1.0
A,2014_5,5,3,128.317,228.307,0.438,1.0
A,2014_6,6,3,52.84,191.368,0.724,1.0
A,2014_7,7,3,42.448,188.281,0.775,1.0
A,2014_8,8,3,48.454,68.414,0.292,1.0
A,2014_9,9,3,42.789,53.916,0.206,1.0
A,2014_10,10,3,31.277,54.416,0.425,1.0
A,2014_11,11,3,44.297,7.195,-5.157,0.0
A,2014_12,12,3,48.076,6.415,-6.494,0.0
A,2015_1,1,3,82.718,10.246,-7.073,0.0
A,2015_2,2,3,66.93,11.929,-4.611,0.0
A,2015_3,3,3,84.361,42.72,-0.975,0.0
A,2015_4,4,3,122.442,69.451,-0.763,0.0
A,2015_5,5,3,98.951,163.847,0.396,1.0
A,2015_6,6,3,180.956,276.268,0.345,1.0
A,2015_7,7,3,92.426,333.741,0.723,1.0
A,2015_8,8,3,111.842,183.49,0.39,1.0
A,2015_9,9,3,21.295,35.069,0.393,1.0
A,2015_10,10,3,15.322,90.457,0.831,1.0
A,2015_11,11,3,39.096,73.106,0.465,1.0
A,2015_12,12,3,45.766,17.523,-1.612,0.0
A,2016_1,1,3,77.464,10.23,-6.572,0.0
A,2016_2,2,3,23.753,36.179,0.343,1.0
A,2016_3,3,3,75.851,16.963,-3.472,0.0
A,2016_4,4,3,96.308,52.006,-0.852,0.0
A,2016_5,5,3,37.993,41.145,0.077,1.0
A,2016_6,6,3,39.81,100.343,0.603,1.0
A,2016_7,7,3,51.646,119.345,0.567,1.0
A,2016_8,8,3,70.936,129.461,0.452,1.0
A,2016_9,9,3,24.584,32.248,0.238,1.0
A,2016_10,10,3,13.022,47.1,0.724,1.0
A,2016_11,11,3,11.97,15.3,0.218,1.0
A,2016_12,12,3,21.992,25.59,0.141,1.0
A,2017_1,1,3,59.69,9.646,-5.188,0.0
A,2017_2,2,3,49.367,12.164,-3.058,0.0
A,2017_3,3,3,82.414,53.647,-0.536,0.0
A,2017_4,4,3,112.016,96.396,-0.162,0.0
A,2017_5,5,3,53.678,41.79,-0.284,0.0
A,2017_6,6,3,120.752,49.398,-1.444,0.0
A,2017_7,7,3,63.546,60.303,-0.054,0.0
A,2017_8,8,3,70.818,105.809,0.331,1.0
A,2017_9,9,3,48.459,66.005,0.266,1.0
A,2017_10,10,3,58.469,11.215,-4.213,0.0
A,2017_11,11,3,45.817,6.997,-5.548,0.0
A,2017_12,12,3,36.371,6.181,-4.884,0.0
A,2018_1,1,3,16.929,22.472,0.247,1.0
A,2018_2,2,3,30.75,82.035,0.625,1.0
A,2018_3,3,3,74.754,153.425,0.513,1.0
A,2018_4,4,3,36.479,72.236,0.495,1.0
A,2018_5,5,3,39.456,40.796,0.033,1.0
A,2018_6,6,3,87.001,67.971,-0.28,0.0
A,2018_7,7,3,163.066,68.53,-1.379,0.0
A,2018_8,8,3,217.196,76.115,-1.854,0.0
A,2018_9,9,3,57.65,83.931,0.313,1.0
A,2018_10,10,3,21.27,95.027,0.776,1.0
A,2018_11,11,3,22.712,17.754,-0.279,0.0
A,2018_12,12,3,49.242,12.679,-2.884,0.0
A,2019_1,1,3,56.095,11.572,-3.847,0.0
A,2019_2,2,3,81.885,16.137,-4.074,0.0
A,2019_3,3,3,95.229,41.637,-1.287,0.0
A,2019_4,4,3,88.05,91.338,0.036,1.0
A,2019_5,5,3,85.007,163.427,0.48,1.0
A,2019_6,6,3,113.295,252.578,0.551,1.0
A,2019_7,7,3,43.554,194.461,0.776,1.0
A,2019_8,8,3,39.065,84.616,0.538,1.0
A,2019_9,9,3,25.383,76.563,0.668,1.0
A,2019_10,10,3,76.651,60.176,-0.274,0.0
A,2019_11,11,3,12.002,80.696,0.851,1.0
A,2019_12,12,3,11.375,72.46,0.843,1.0
A,2020_1,1,3,47.338,56.045,0.155,1.0
A,2020_2,2,3,102.799,12.69,-7.101,0.0
A,2020_3,3,3,91.848,24.164,-2.801,0.0
A,2020_4,4,3,48.162,45.185,-0.066,0.0
A,2020_5,5,3,32.443,43.341,0.251,1.0
A,2020_6,6,3,194.982,81.347,-1.397,0.0
A,2020_7,7,3,391.602,135.6,-1.888,0.0
A,2020_8,8,3,150.405,137.014,-0.098,0.0
A,2020_9,9,3,37.991,49.393,0.231,1.0
A,2020_10,10,3,42.055,22.404,-0.877,0.0
A,2020_11,11,3,37.419,8.87,-3.219,0.0
A,2020_12,12,3,70.71,6.202,-10.401,0.0
A,2011_1,1,4,23.617,76.139,0.69,1.0
A,2011_2,2,4,48.314,117.468,0.589,1.0
A,2011_3,3,4,264.05,352.063,0.25,1.0
A,2011_4,4,4,671.826,564.733,-0.19,0.0
A,2011_5,5,4,700.173,443.774,-0.578,0.0
A,2011_6,6,4,642.709,391.208,-0.643,0.0
A,2011_7,7,4,506.283,132.73,-2.814,0.0
A,2011_8,8,4,68.613,65.621,-0.046,0.0
A,2011_9,9,4,34.51,46.435,0.257,1.0
A,2011_10,10,4,22.544,18.757,-0.202,0.0
A,2011_11,11,4,108.765,10.666,-9.197,0.0
A,2011_12,12,4,80.485,12.236,-5.578,0.0
A,2012_1,1,4,24.676,42.56,0.42,1.0
A,2012_2,2,4,23.653,18.888,-0.252,0.0
A,2012_3,3,4,47.459,19.1,-1.485,0.0
A,2012_4,4,4,51.114,43.503,-0.175,0.0
A,2012_5,5,4,203.339,54.367,-2.74,0.0
A,2012_6,6,4,204.249,53.47,-2.82,0.0
A,2012_7,7,4,201.911,57.558,-2.508,0.0
A,2012_8,8,4,80.446,67.104,-0.199,0.0
A,2012_9,9,4,38.918,62.761,0.38,1.0
A,2012_10,10,4,12.205,50.143,0.757,1.0
A,2012_11,11,4,14.688,66.871,0.78,1.0
A,2012_12,12,4,26.234,53.768,0.512,1.0
A,2013_1,1,4,38.232,36.58,-0.045,0.0
A,2013_2,2,4,47.26,26.652,-0.773,0.0
A,2013_3,3,4,35.903,15.132,-1.373,0.0
A,2013_4,4,4,161.326,101.029,-0.597,0.0
A,2013_5,5,4,59.1,56.907,-0.039,0.0
A,2013_6,6,4,74.178,75.079,0.012,1.0
A,2013_7,7,4,63.464,72.656,0.127,1.0
A,2013_8,8,4,46.461,112.997,0.589,1.0
A,2013_9,9,4,16.259,34.623,0.53,1.0
A,2013_10,10,4,78.809,9.628,-7.185,0.0
A,2013_11,11,4,31.08,15.785,-0.969,0.0
A,2013_12,12,4,73.244,11.359,-5.448,0.0
A,2014_1,1,4,114.854,11.443,-9.037,0.0
A,2014_2,2,4,118.725,40.014,-1.967,0.0
A,2014_3,3,4,140.571,93.322,-0.506,0.0
A,2014_4,4,4,163.216,234.195,0.303,1.0
A,2014_5,5,4,50.638,242.227,0.791,1.0
A,2014_6,6,4,67.195,217.262,0.691,1.0
A,2014_7,7,4,46.309,128.239,0.639,1.0
A,2014_8,8,4,33.227,65.621,0.494,1.0
A,2014_9,9,4,25.189,52.291,0.518,1.0
A,2014_10,10,4,15.927,48.232,0.67,1.0
A,2014_11,11,4,66.988,10.36,-5.466,0.0
A,2014_12,12,4,97.702,12.075,-7.091,0.0
A,2015_1,1,4,87.259,10.853,-7.04,0.0
A,2015_2,2,4,128.639,43.648,-1.947,0.0
A,2015_3,3,4,96.093,85.588,-0.123,0.0
A,2015_4,4,4,177.952,150.481,-0.183,0.0
A,2015_5,5,4,178.993,336.207,0.468,1.0
A,2015_6,6,4,257.247,389.607,0.34,1.0
A,2015_7,7,4,96.222,330.125,0.709,1.0
A,2015_8,8,4,65.348,120.358,0.457,1.0
A,2015_9,9,4,48.098,34.928,-0.377,0.0
A,2015_10,10,4,19.232,74.018,0.74,1.0
A,2015_11,11,4,46.364,95.831,0.516,1.0
A,2015_12,12,4,103.098,13.66,-6.547,0.0
A,2016_1,1,4,73.369,28.306,-1.592,0.0
A,2016_2,2,4,37.992,21.439,-0.772,0.0
A,2016_3,3,4,115.2,64.308,-0.791,0.0
A,2016_4,4,4,53.034,49.486,-0.072,0.0
A,2016_5,5,4,49.665,121.72,0.592,1.0
A,2016_6,6,4,58.324,168.677,0.654,1.0
A,2016_7,7,4,52.396,94.452,0.445,1.0
A,2016_8,8,4,91.235,140.811,0.352,1.0
A,2016_9,9,4,19.001,34.443,0.448,1.0
A,2016_10,10,4,16.877,40.569,0.584,1.0
A,2016_11,11,4,23.264,14.735,-0.579,0.0
A,2016_12,12,4,67.558,15.835,-3.266,0.0
A,2017_1,1,4,81.332,11.765,-5.913,0.0
A,2017_2,2,4,103.696,48.959,-1.118,0.0
A,2017_3,3,4,120.419,115.677,-0.041,0.0
A,2017_4,4,4,41.725,46.284,0.099,1.0
A,2017_5,5,4,69.878,55.453,-0.26,0.0
A,2017_6,6,4,57.099,80.026,0.286,1.0
A,2017_7,7,4,52.124,60.418,0.137,1.0
A,2017_8,8,4,81.178,103.598,0.216,1.0
A,2017_9,9,4,69.263,65.872,-0.051,0.0
A,2017_10,10,4,90.799,13.667,-5.644,0.0
A,2017_11,11,4,71.413,10.36,-5.893,0.0
A,2017_12,12,4,39.657,22.388,-0.771,0.0
A,2018_1,1,4,17.903,73.129,0.755,1.0
A,2018_2,2,4,115.263,155.545,0.259,1.0
A,2018_3,3,4,28.157,101.258,0.722,1.0
A,2018_4,4,4,51.529,47.985,-0.074,0.0
A,2018_5,5,4,99.549,51.023,-0.951,0.0
A,2018_6,6,4,107.394,83.226,-0.29,0.0
A,2018_7,7,4,214.279,51.377,-3.171,0.0
A,2018_8,8,4,218.289,84.599,-1.58,0.0
A,2018_9,9,4,53.897,93.212,0.422,1.0
A,2018_10,10,4,16.485,76.276,0.784,1.0
A,2018_11,11,4,31.685,28.267,-0.121,0.0
A,2018_12,12,4,71.504,16.822,-3.251,0.0
A,2019_1,1,4,83.59,11.789,-6.091,0.0
A,2019_2,2,4,155.898,31.698,-3.918,0.0
A,2019_3,3,4,113.915,89.215,-0.277,0.0
A,2019_4,4,4,144.892,163.365,0.113,1.0
A,2019_5,5,4,117.549,317.217,0.629,1.0
A,2019_6,6,4,91.206,222.979,0.591,1.0
A,2019_7,7,4,46.796,154.744,0.698,1.0
A,2019_8,8,4,44.057,71.14,0.381,1.0
A,2019_9,9,4,26.169,75.54,0.654,1.0
A,2019_10,10,4,55.654,109.888,0.494,1.0
A,2019_11,11,4,13.81,109.481,0.874,1.0
A,2019_12,12,4,43.303,53.075,0.184,1.0
A,2020_1,1,4,98.641,28.946,-2.408,0.0
A,2020_2,2,4,89.77,18.668,-3.809,0.0
A,2020_3,3,4,119.148,59.66,-0.997,0.0
A,2020_4,4,4,35.559,53.924,0.341,1.0
A,2020_5,5,4,215.246,79.774,-1.698,0.0
A,2020_6,6,4,255.117,95.978,-1.658,0.0
A,2020_7,7,4,334.381,104.1,-2.212,0.0
A,2020_8,8,4,144.044,146.251,0.015,1.0
A,2020_9,9,4,53.415,45.365,-0.177,0.0
A,2020_10,10,4,78.758,35.147,-1.241,0.0
A,2020_11,11,4,78.251,11.142,-6.023,0.0
A,2020_12,12,4,47.789,10.599,-3.509,0.0
A,2011_1,1,5,55.127,101.653,0.458,1.0
A,2011_2,2,5,243.374,375.626,0.352,1.0
A,2011_3,3,5,602.805,559.155,-0.078,0.0
A,2011_4,4,5,754.901,529.851,-0.425,0.0
A,2011_5,5,5,701.193,422.367,-0.66,0.0
A,2011_6,6,5,629.325,397.324,-0.584,0.0
A,2011_7,7,5,509.71,161.82,-2.15,0.0
A,2011_8,8,5,53.086,63.877,0.169,1.0
A,2011_9,9,5,49.669,42.216,-0.177,0.0
A,2011_10,10,5,59.734,12.537,-3.765,0.0
A,2011_11,11,5,120.446,26.893,-3.479,0.0
A,2011_12,12,5,44.456,46.85,0.051,1.0
A,2012_1,1,5,52.75,18.617,-1.833,0.0
A,2012_2,2,5,49.718,28.498,-0.745,0.0
A,2012_3,3,5,35.175,43.965,0.2,1.0
A,2012_4,4,5,114.289,55.866,-1.046,0.0
A,2012_5,5,5,223.37,57.746,-2.868,0.0
A,2012_6,6,5,188.184,56.375,-2.338,0.0
A,2012_7,7,5,189.91,59.356,-2.2,0.0
A,2012_8,8,5,78.744,74.335,-0.059,0.0
A,2012_9,9,5,29.742,65.53,0.546,1.0
A,2012_10,10,5,19.824,65.537,0.698,1.0
A,2012_11,11,5,36.562,70.715,0.483,1.0
A,2012_12,12,5,38.473,59.39,0.352,1.0
A,2013_1,1,5,31.455,33.799,0.069,1.0
A,2013_2,2,5,88.39,14.685,-5.019,0.0
A,2013_3,3,5,112.412,105.547,-0.065,0.0
A,2013_4,4,5,95.353,57.184,-0.667,0.0
A,2013_5,5,5,71.497,70.559,-0.013,0.0
A,2013_6,6,5,60.871,77.888,0.218,1.0
A,2013_7,7,5,67.513,63.065,-0.071,0.0
A,2013_8,8,5,59.445,107.647,0.448,1.0
A,2013_9,9,5,10.379,31.285,0.668,1.0
A,2013_10,10,5,95.302,11.721,-7.131,0.0
A,2013_11,11,5,69.55,19.165,-2.629,0.0
A,2013_12,12,5,109.624,12.149,-8.023,0.0
A,2014_1,1,5,156.384,42.831,-2.651,0.0
A,2014_2,2,5,152.804,89.533,-0.707,0.0
A,2014_3,3,5,215.657,237.94,0.094,1.0
A,2014_4,4,5,72.549,245.504,0.704,1.0
A,2014_5,5,5,51.206,269.038,0.81,1.0
A,2014_6,6,5,57.367,158.087,0.637,1.0
A,2014_7,7,5,41.447,127.287,0.674,1.0
A,2014_8,8,5,22.801,63.877,0.643,1.0
A,2014_9,9,5,17.453,48.916,0.643,1.0
A,2014_10,10,5,16.457,41.919,0.607,1.0
A,2014_11,11,5,115.97,15.547,-6.459,0.0
A,2014_12,12,5,106.242,12.149,-7.745,0.0
A,2015_1,1,5,168.558,45.67,-2.691,0.0
A,2015_2,2,5,170.853,88.28,-0.935,0.0
A,2015_3,3,5,97.517,163.65,0.404,1.0
A,2015_4,4,5,257.134,316.215,0.187,1.0
A,2015_5,5,5,271.287,447.931,0.394,1.0
A,2015_6,6,5,257.021,386.647,0.335,1.0
A,2015_7,7,5,69.921,245.024,0.715,1.0
A,2015_8,8,5,92.821,112.986,0.178,1.0
A,2015_9,9,5,99.774,29.726,-2.356,0.0
A,2015_10,10,5,25.57,98.66,0.741,1.0
A,2015_11,11,5,88.584,78.369,-0.13,0.0
A,2015_12,12,5,89.57,37.79,-1.37,0.0
A,2016_1,1,5,83.572,19.224,-3.347,0.0
A,2016_2,2,5,79.112,45.616,-0.734,0.0
A,2016_3,3,5,35.275,44.943,0.215,1.0
A,2016_4,4,5,43.358,98.901,0.562,1.0
A,2016_5,5,5,75.669,189.449,0.601,1.0
A,2016_6,6,5,55.587,136.948,0.594,1.0
A,2016_7,7,5,57.299,99.887,0.426,1.0
A,2016_8,8,5,75.03,114.126,0.343,1.0
A,2016_9,9,5,28.917,31.336,0.077,1.0
A,2016_10,10,5,36.429,39.181,0.07,1.0
A,2016_11,11,5,61.107,11.563,-4.285,0.0
A,2016_12,12,5,83.264,21.415,-2.888,0.0
A,2017_1,1,5,139.658,51.198,-1.728,0.0
A,2017_2,2,5,153.481,113.836,-0.348,0.0
A,2017_3,3,5,42.643,43.965,0.03,1.0
A,2017_4,4,5,80.57,56.997,-0.414,0.0
A,2017_5,5,5,37.925,118.452,0.68,1.0
A,2017_6,6,5,51.223,81.426,0.371,1.0
A,2017_7,7,5,45.429,56.91,0.202,1.0
A,2017_8,8,5,95.59,100.283,0.047,1.0
A,2017_9,9,5,94.803,74.65,-0.27,0.0
A,2017_10,10,5,109.901,12.942,-7.492,0.0
A,2017_11,11,5,84.031,24.426,-2.44,0.0
A,2017_12,12,5,20.672,73.583,0.719,1.0
A,2018_1,1,5,54.583,145.385,0.625,1.0
A,2018_2,2,5,50.236,107.15,0.531,1.0
A,2018_3,3,5,49.292,52.651,0.064,1.0
A,2018_4,4,5,141.448,60.029,-1.356,0.0
A,2018_5,5,5,134.234,52.879,-1.539,0.0
A,2018_6,6,5,157.993,59.773,-1.643,0.0
A,2018_7,7,5,219.759,52.636,-3.175,0.0
A,2018_8,8,5,210.926,94.502,-1.232,0.0
A,2018_9,9,5,34.005,82.71,0.589,1.0
A,2018_10,10,5,22.829,90.06,0.747,1.0
A,2018_11,11,5,62.379,35.687,-0.748,0.0
A,2018_12,12,5,105.722,18.881,-4.599,0.0
A,2019_1,1,5,153.551,40.203,-2.819,0.0
A,2019_2,2,5,191.276,73.525,-1.602,0.0
A,2019_3,3,5,180.432,156.58,-0.152,0.0
A,2019_4,4,5,198.743,311.295,0.362,1.0
A,2019_5,5,5,87.982,286.39,0.693,1.0
A,2019_6,6,5,72.605,192.131,0.622,1.0
A,2019_7,7,5,51.069,128.571,0.603,1.0
A,2019_8,8,5,41.118,69.11,0.405,1.0
A,2019_9,9,5,28.097,106.752,0.737,1.0
A,2019_10,10,5,64.415,141.45,0.545,1.0
A,2019_11,11,5,38.135,87.919,0.566,1.0
A,2019_12,12,5,87.545,29.543,-1.963,0.0
A,2020_1,1,5,88.207,34.215,-1.578,0.0
A,2020_2,2,5,121.031,38.089,-2.178,0.0
A,2020_3,3,5,75.753,63.825,-0.187,0.0
A,2020_4,4,5,183.428,73.991,-1.479,0.0
A,2020_5,5,5,260.448,106.158,-1.453,0.0
A,2020_6,6,5,213.744,75.978,-1.813,0.0
A,2020_7,7,5,329.898,113.939,-1.895,0.0
A,2020_8,8,5,120.379,139.933,0.14,1.0
A,2020_9,9,5,75.509,38.243,-0.974,0.0
A,2020_10,10,5,122.471,19.218,-5.373,0.0
A,2020_11,11,5,55.228,10.332,-4.345,0.0
A,2020_12,12,5,38.036,68.85,0.448,1.0
A,2011_1,1,6,266.458,360.342,0.261,1.0
A,2011_2,2,6,580.318,583.307,0.005,1.0
A,2011_3,3,6,664.002,525.95,-0.262,0.0
A,2011_4,4,6,728.028,505.235,-0.441,0.0
A,2011_5,5,6,697.35,428.771,-0.626,0.0
A,2011_6,6,6,652.703,425.187,-0.535,0.0
A,2011_7,7,6,488.623,166.224,-1.94,0.0
A,2011_8,8,6,41.796,64.095,0.348,1.0
A,2011_9,9,6,75.686,35.874,-1.11,0.0
A,2011_10,10,6,75.565,22.156,-2.411,0.0
A,2011_11,11,6,75.439,65.574,-0.15,0.0
A,2011_12,12,6,70.172,21.058,-2.332,0.0
A,2012_1,1,6,123.302,33.645,-2.665,0.0
A,2012_2,2,6,36.264,47.674,0.239,1.0
A,2012_3,3,6,111.963,58.823,-0.903,0.0
A,2012_4,4,6,142.574,60.402,-1.36,0.0
A,2012_5,5,6,229.51,55.903,-3.106,0.0
A,2012_6,6,6,189.95,56.131,-2.384,0.0
A,2012_7,7,6,184.109,71.228,-1.585,0.0
A,2012_8,8,6,71.433,79.539,0.102,1.0
A,2012_9,9,6,29.106,76.922,0.622,1.0
A,2012_10,10,6,28.263,70.971,0.602,1.0
A,2012_11,11,6,64.284,74.996,0.143,1.0
A,2012_12,12,6,23.633,56.046,0.578,1.0
A,2013_1,1,6,40.14,16.948,-1.368,0.0
A,2013_2,2,6,58.7,122.757,0.522,1.0
A,2013_3,3,6,82.532,59.593,-0.385,0.0
A,2013_4,4,6,60.76,73.045,0.168,1.0
A,2013_5,5,6,63.772,73.577,0.133,1.0
A,2013_6,6,6,62.285,68.531,0.091,1.0
A,2013_7,7,6,62.449,59.028,-0.058,0.0
A,2013_8,8,6,82.829,109.71,0.245,1.0
A,2013_9,9,6,22.19,31.411,0.294,1.0
A,2013_10,10,6,145.316,13.051,-10.134,0.0
A,2013_11,11,6,102.204,19.469,-4.25,0.0
A,2013_12,12,6,155.61,38.189,-3.075,0.0
A,2014_1,1,6,219.552,97.593,-1.25,0.0
A,2014_2,2,6,290.219,232.667,-0.247,0.0
A,2014_3,3,6,164.921,252.591,0.347,1.0
A,2014_4,4,6,46.928,269.679,0.826,1.0
A,2014_5,5,6,47.525,210.151,0.774,1.0
A,2014_6,6,6,61.932,159.709,0.612,1.0
A,2014_7,7,6,39.677,128.515,0.691,1.0
A,2014_8,8,6,21.143,64.095,0.67,1.0
A,2014_9,9,6,29.541,47.584,0.379,1.0
A,2014_10,10,6,47.119,28.542,-0.651,0.0
A,2014_11,11,6,146.146,14.449,-9.115,0.0
A,2014_12,12,6,166.155,45.889,-2.621,0.0
A,2015_1,1,6,208.932,95.069,-1.198,0.0
A,2015_2,2,6,228.347,165.667,-0.378,0.0
A,2015_3,3,6,161.362,331.827,0.514,1.0
A,2015_4,4,6,325.008,424.732,0.235,1.0
A,2015_5,5,6,286.431,445.26,0.357,1.0
A,2015_6,6,6,201.249,292.773,0.313,1.0
A,2015_7,7,6,86.125,236.244,0.635,1.0
A,2015_8,8,6,140.341,121.63,-0.154,0.0
A,2015_9,9,6,96.122,36.934,-1.603,0.0
A,2015_10,10,6,70.703,83.811,0.156,1.0
A,2015_11,11,6,100.992,106.303,0.05,1.0
A,2015_12,12,6,108.941,24.445,-3.457,0.0
A,2016_1,1,6,132.425,57.739,-1.294,0.0
A,2016_2,2,6,33.649,53.377,0.37,1.0
A,2016_3,3,6,82.387,105.272,0.217,1.0
A,2016_4,4,6,64.504,162.855,0.604,1.0
A,2016_5,5,6,53.016,160.118,0.669,1.0
A,2016_6,6,6,58.605,146.183,0.599,1.0
A,2016_7,7,6,55.786,81.153,0.313,1.0
A,2016_8,8,6,99.616,115.857,0.14,1.0
A,2016_9,9,6,36.454,30.757,-0.185,0.0
A,2016_10,10,6,84.757,24.316,-2.486,0.0
A,2016_11,11,6,79.945,18.739,-3.266,0.0
A,2016_12,12,6,147.403,28.991,-4.084,0.0
A,2017_1,1,6,192.085,120.971,-0.588,0.0
A,2017_2,2,6,35.965,47.674,0.246,1.0
A,2017_3,3,6,48.841,64.259,0.24,1.0
A,2017_4,4,6,57.938,116.438,0.502,1.0
A,2017_5,5,6,40.071,117.911,0.66,1.0
A,2017_6,6,6,50.939,80.037,0.364,1.0
A,2017_7,7,6,42.137,55.09,0.235,1.0
A,2017_8,8,6,113.89,101.785,-0.119,0.0
A,2017_9,9,6,114.26,70.104,-0.63,0.0
A,2017_10,10,6,109.415,14.561,-6.514,0.0
A,2017_11,11,6,41.735,73.369,0.431,1.0
A,2017_12,12,6,43.09,146.472,0.706,1.0
A,2018_1,1,6,30.078,100.49,0.701,1.0
A,2018_2,2,6,52.095,57.302,0.091,1.0
A,2018_3,3,6,123.741,62.616,-0.976,0.0
A,2018_4,4,6,165.226,64.416,-1.565,0.0
A,2018_5,5,6,174.216,59.847,-1.911,0.0
A,2018_6,6,6,146.743,53.839,-1.726,0.0
A,2018_7,7,6,197.554,53.553,-2.689,0.0
A,2018_8,8,6,164.793,88.847,-0.855,0.0
A,2018_9,9,6,29.489,94.376,0.688,1.0
A,2018_10,10,6,42.485,94.421,0.55,1.0
A,2018_11,11,6,87.93,35.601,-1.47,0.0
A,2018_12,12,6,169.531,31.094,-4.452,0.0
A,2019_1,1,6,186.918,91.682,-1.039,0.0
A,2019_2,2,6,237.308,137.917,-0.721,0.0
A,2019_3,3,6,237.91,306.187,0.223,1.0
A,2019_4,4,6,150.497,281.709,0.466,1.0
A,2019_5,5,6,70.346,254.912,0.724,1.0
A,2019_6,6,6,73.246,160.012,0.542,1.0
A,2019_7,7,6,44.689,130.375,0.657,1.0
A,2019_8,8,6,39.527,64.095,0.383,1.0
A,2019_9,9,6,31.423,130.97,0.76,1.0
A,2019_10,10,6,115.739,122.501,0.055,1.0
A,2019_11,11,6,97.911,54.988,-0.781,0.0
A,2019_12,12,6,77.384,34.77,-1.226,0.0
A,2020_1,1,6,140.848,14.858,-8.48,0.0
A,2020_2,2,6,94.914,49.712,-0.909,0.0
A,2020_3,3,6,115.924,64.823,-0.788,0.0
A,2020_4,4,6,224.414,85.999,-1.609,0.0
A,2020_5,5,6,217.829,85.327,-1.553,0.0
A,2020_6,6,6,212.921,81.093,-1.626,0.0
A,2020_7,7,6,297.064,108.704,-1.733,0.0
A,2020_8,8,6,100.247,128.246,0.218,1.0
A,2020_9,9,6,110.628,46.777,-1.365,0.0
A,2020_10,10,6,114.237,23.939,-3.772,0.0
A,2020_11,11,6,41.856,74.88,0.441,1.0
A,2020_12,12,6,21.705,92.372,0.765,1.0
