date,sc_0,sc_1,sc_2,sc_3,sc_4,sc_5,sc_6,sc_7,sc_8,sc_9,sc_10,sc_11,sc_12,sc_13,sc_14,sc_15,sc_16,sc_17,sc_18,sc_19,sc_20,sc_21,sc_22,sc_23,sc_24,sc_25,sc_26,sc_27,sc_28,sc_29,sc_30,sc_31,sc_32,sc_33,sc_34,sc_35,sc_36,sc_37,sc_38,sc_39,sc_40,sc_41,sc_42,sc_43,sc_44,sc_45,sc_46,sc_47,sc_48,sc_49,sc_50,mean,obs
2011_1,288.74,365.0,217.78,289.85,346.17,277.62,394.88,359.17,248.48,380.44,317.22,505.36,330.98,248.32,294.63,267.16,177.12,274.56,227.84,256.75,241.55,293.4,233.51,367.74,263.65,,,,,,,,,,,,,,,,,,,,,,,,,,,298.66999999999996,379.99
2011_2,433.08,779.65,481.01,490.6,363.45,513.45,503.34,530.54,527.14,367.04,455.19,597.47,440.59,548.18,251.67,368.25,277.67,456.01,716.99,473.23,552.67,446.25,627.3399999999999,486.63,457.3,,,,,,,,,,,,,,,,,,,,,,,,,,,485.76,791.76
2011_3,521.77,635.36,850.64,632.7,589.59,696.04,747.94,659.97,369.82,517.75,420.17,616.31,927.22,581.71,404.57,635.66,624.92,432.46,883.46,729.55,627.4300000000001,660.56,426.69,797.54,765.69,,,,,,,,,,,,,,,,,,,,,,,,,,,630.22,1316.67
2011_4,697.98,701.44,1243.63,964.09,561.75,886.41,586.23,986.09,624.58,711.54,697.98,958.68,643.93,525.03,571.8,521.04,665.86,704.53,623.87,733.88,683.67,628.81,738.59,657.1,693.14,,,,,,,,,,,,,,,,,,,,,,,,,,,720.46,1558.49
2011_5,942.88,687.25,925.94,764.04,550.76,706.85,719.96,528.52,758.39,1080.53,651.08,652.3,1061.73,384.99,661.07,610.43,629.95,607.54,468.0,885.79,823.54,698.49,820.32,935.75,884.9899999999999,,,,,,,,,,,,,,,,,,,,,,,,,,,737.6,1536.43
2011_6,478.72,452.98,560.58,598.53,787.84,796.98,625.41,687.82,874.53,806.86,1075.93,884.27,840.82,672.73,629.42,757.14,821.12,769.64,1163.82,777.87,828.93,631.03,653.51,649.06,662.37,,,,,,,,,,,,,,,,,,,,,,,,,,,739.5999999999999,1455.6
2011_7,532.93,378.36,739.12,563.7,472.41,341.78,609.57,554.03,662.69,485.01,379.6,632.06,432.94,568.75,369.18,379.42,449.11,636.24,500.82,539.97,524.13,807.92,318.98,448.28,655.37,,,,,,,,,,,,,,,,,,,,,,,,,,,519.27,1099.3899999999999
2011_8,592.78,510.05,529.75,444.26,446.33,449.87,453.14,468.62,448.55,392.16,377.32,465.03,630.71,477.45,307.27,513.3,435.01,580.7,287.45,496.78,337.79,583.03,285.62,501.18,449.21,,,,,,,,,,,,,,,,,,,,,,,,,,,458.55999999999995,544.89
2011_9,506.62,360.48,386.83,390.9,380.98,326.29,277.02,219.47,483.3,476.5,302.42,530.5,183.24,290.17,425.85,479.76,449.33,251.14,241.45,544.46,296.45,290.03,507.45,423.99,261.62,,,,,,,,,,,,,,,,,,,,,,,,,,,371.40999999999997,282.14
2011_10,187.37,169.19,285.75,215.46,282.4,265.79,175.53,224.19,190.53,234.99,167.36,306.16,261.47,192.94,359.5,309.63,192.38,161.81,266.79,262.42,268.21,173.67,227.03,251.15,173.15,,,,,,,,,,,,,,,,,,,,,,,,,,,232.23999999999998,142.83000000000004
2011_11,237.05,332.5,248.91,249.7,372.88,289.36,282.06,364.79,404.94,381.46,386.49,396.6,348.48,218.49,411.99,318.23,211.29,309.06,255.78,365.01,418.4,205.26,258.72,387.94,322.45,,,,,,,,,,,,,,,,,,,,,,,,,,,319.09999999999997,159.91
2011_12,260.95,286.33,312.16,268.36,253.58,387.6,253.15,296.53,325.56,301.42,201.36,230.0,221.27,336.55,314.47,225.31,353.03,265.85,304.58,329.24,275.91,262.13,346.75,303.82,354.8,,,,,,,,,,,,,,,,,,,,,,,,,,,290.74,221.65
2012_1,262.04,297.91,374.8,308.69,397.97,338.04,348.48,291.68,274.87,329.21,384.27,266.53999999999996,368.1,535.78,336.04,385.5,381.6,345.06,217.13,317.17,261.32,291.02,501.1,291.72,422.34,,,,,,,,,,,,,,,,,,,,,,,,,,,341.11,252.13
2012_2,578.33,422.54,408.58,498.23,319.61,398.84,376.12,497.54,335.64,346.42,540.1,279.67,392.8,338.81,487.33,405.09,502.7,315.16,479.88,326.83,310.0,458.49,513.82,395.23,478.26,,,,,,,,,,,,,,,,,,,,,,,,,,,416.2600000000001,326.8
2012_3,702.67,591.04,626.85,393.65,540.65,635.24,924.79,720.31,496.45,475.66,612.28,601.62,538.17,573.54,718.6,655.46,776.79,733.03,597.98,693.3399999999999,588.92,391.69,825.1800000000001,876.61,386.47,,,,,,,,,,,,,,,,,,,,,,,,,,,627.0999999999999,651.1399999999999
2012_4,560.07,614.37,691.69,861.27,641.26,924.39,813.8499999999999,894.45,797.44,521.57,753.28,293.19,903.21,366.92,982.29,643.95,559.52,897.62,613.61,876.08,496.9,789.99,763.93,902.73,611.11,,,,,,,,,,,,,,,,,,,,,,,,,,,710.9499999999999,920.4999999999999
2012_5,832.25,528.19,455.72,485.88,598.26,684.14,848.97,958.16,585.95,718.12,499.43,782.75,325.84,656.82,712.14,551.45,600.16,634.07,619.38,814.67,780.24,1130.33,590.44,426.89,749.78,,,,,,,,,,,,,,,,,,,,,,,,,,,662.81,969.6399999999999
2012_6,342.21999999999997,485.41,658.86,685.9,753.33,788.69,548.12,886.56,845.98,931.84,773.62,622.24,765.58,610.6400000000001,971.94,882.56,794.45,650.59,569.59,541.01,875.61,540.52,466.56,706.27,712.51,,,,,,,,,,,,,,,,,,,,,,,,,,,696.4100000000001,973.9899999999998
2012_7,915.99,461.11,617.45,780.55,762.52,672.27,665.26,493.46,868.12,731.6,416.61,269.27,1058.42,399.06,655.26,406.06,443.98,543.37,599.47,905.14,554.03,763.61,698.27,631.41,918.91,,,,,,,,,,,,,,,,,,,,,,,,,,,649.26,938.9799999999999
2012_8,519.8699999999999,424.1,869.54,630.35,565.94,542.76,635.83,504.09,264.34,340.15,565.75,618.09,453.08,531.43,335.77,412.41,486.08,551.74,299.08,711.91,364.52,652.99,830.82,469.05,656.25,,,,,,,,,,,,,,,,,,,,,,,,,,,529.4599999999999,657.46
2012_9,247.55,416.97,140.94,193.12,221.45,442.07,317.06,331.76,270.05,226.66,375.19,468.92,253.89,381.16,318.29,307.17,226.9,442.34,481.8,280.17,296.47,333.1,472.27,248.37,344.84,,,,,,,,,,,,,,,,,,,,,,,,,,,321.55,348.31000000000006
2012_10,188.75,143.65,243.16,274.34,182.76,228.67,297.81,202.35,209.91,259.22,351.04,128.71,147.15,393.4,362.52,263.4,275.28,201.19,187.04,169.5,154.3,216.0,309.54,270.15,349.37,,,,,,,,,,,,,,,,,,,,,,,,,,,240.37,223.3
2012_11,306.52,217.77,376.34,314.44,222.09,180.72,367.01,341.56,252.17,251.91000000000003,339.73,291.48,405.63,228.66,266.0,225.13,360.94,213.2,206.11,254.07000000000002,171.01,317.82,285.1,364.31,362.26,,,,,,,,,,,,,,,,,,,,,,,,,,,284.86,218.56000000000003
2012_12,456.06,445.31,341.87,208.85,357.0,338.51,362.94,324.74,366.24,263.81,201.25,274.87,378.86,280.81,330.11,196.7,295.77,385.68,311.09,257.2,233.66000000000003,265.5,299.26,258.06,258.22,,,,,,,,,,,,,,,,,,,,,,,,,,,307.71999999999997,240.46
2013_1,260.0,390.22,371.92,255.39,295.06,313.88,285.47,387.59,372.87,449.79,368.76000000000005,257.79,315.52,415.36,258.86,365.93,326.45,427.84,411.69999999999993,343.26,319.3,342.03,432.39,353.07000000000005,248.53,,,,,,,,,,,,,,,,,,,,,,,,,,,342.7600000000001,291.69
2013_2,433.98,484.93,579.92,436.40000000000003,417.74,484.37,660.72,595.01,459.98,472.9,535.3,335.57,483.63,446.87,573.96,489.2,623.53,460.24,485.03,439.11,687.02,709.58,466.11,619.19,575.01,,,,,,,,,,,,,,,,,,,,,,,,,,,518.25,383.04999999999995
2013_3,530.53,897.46,823.26,424.94,669.79,375.21,880.86,493.89,816.1200000000001,782.1100000000001,687.39,665.28,483.59,470.11,558.39,467.42,510.05,386.3399999999999,340.94,704.99,863.85,827.27,556.1,530.74,560.14,,,,,,,,,,,,,,,,,,,,,,,,,,,612.3,793.1999999999999
2013_4,583.42,548.51,834.79,649.51,781.44,607.93,625.0,619.47,872.99,844.88,526.14,779.2899999999998,569.79,1056.64,681.19,668.43,728.52,759.6,654.61,1002.29,940.98,551.33,823.84,629.93,694.33,,,,,,,,,,,,,,,,,,,,,,,,,,,721.3800000000001,862.04
2013_5,571.41,848.8,467.27,948.23,709.04,1087.52,1177.35,680.68,1002.05,888.5,962.54,748.1,1120.36,671.66,799.76,862.26,545.45,784.47,557.3999999999999,1051.9,842.68,663.0,720.3,864.1999999999999,1034.98,,,,,,,,,,,,,,,,,,,,,,,,,,,824.3699999999999,926.3599999999999
2013_6,938.93,981.25,889.03,943.21,660.87,775.93,544.87,440.79,956.69,1050.92,888.55,718.76,679.95,675.67,583.04,745.04,1228.71,674.38,728.31,981.98,654.91,832.71,875.55,596.64,677.47,,,,,,,,,,,,,,,,,,,,,,,,,,,789.0400000000001,854.8399999999999
2013_7,675.49,726.63,829.57,775.68,761.27,587.26,857.63,790.83,613.49,523.44,791.54,598.53,724.72,644.97,565.54,508.54,1015.73,571.53,622.36,503.94,679.58,696.38,1230.23,383.63,566.48,,,,,,,,,,,,,,,,,,,,,,,,,,,689.7700000000001,783.4399999999998
2013_8,442.32,426.48,503.12,788.91,530.05,402.23,230.99,509.56,468.97,451.82,605.5200000000001,290.95,392.47,499.63,379.3,588.26,416.51,568.27,455.5,359.46,465.8,422.35,303.98,312.01,462.81,,,,,,,,,,,,,,,,,,,,,,,,,,,451.18,351.91999999999996
2013_9,202.0,268.96,210.45,272.44,245.81,374.44999999999993,246.83,228.99,151.16,243.96,292.15,254.16,183.0,213.38,362.04,245.41,264.49,295.59,267.08,268.47,210.64,176.73,262.18,264.97,302.84,,,,,,,,,,,,,,,,,,,,,,,,,,,252.34,246.42999999999998
2013_10,166.33,334.08,167.6,281.66,408.17,216.17,320.84,431.39,297.58,261.39,342.72,166.99,198.34,280.37999999999994,235.54,254.57000000000002,389.63,305.93,456.62,187.13,255.64,182.63,208.67,401.14,235.94,,,,,,,,,,,,,,,,,,,,,,,,,,,279.44,135.49
2013_11,351.31,368.08,290.7,186.85,228.52,186.6,239.33,245.91999999999996,282.53,180.76,282.04,322.90999999999997,234.63,225.42,223.72,216.96,135.91,163.5,281.38,208.63,263.39,450.92,209.8,251.18,245.42999999999998,,,,,,,,,,,,,,,,,,,,,,,,,,,251.07,146.0
2013_12,240.21,392.28,444.58,291.66,280.06,275.62,486.36,186.42,480.5,310.31,251.24,323.83,212.69,400.96,224.74,258.51,332.21,240.3,349.15999999999997,198.28,257.49,285.45,266.91,317.74,337.39,,,,,,,,,,,,,,,,,,,,,,,,,,,305.81000000000006,151.46
2014_1,356.33,415.86,293.29,382.0,330.58,299.04,373.76,283.59,324.87,368.79,306.19,264.89,367.37,342.56,402.4,333.76,541.86,239.38,484.4,339.7,297.63,564.33,323.4800000000001,444.04,468.4,,,,,,,,,,,,,,,,,,,,,,,,,,,365.95000000000005,165.45000000000002
2014_2,355.93,462.24,496.36,532.98,582.27,543.45,609.43,384.19,467.97,727.06,505.33000000000004,300.31,480.48,412.69,305.18,438.59,325.73,343.71,445.61,454.63,620.38,333.69,322.41,412.82000000000005,515.27,,,,,,,,,,,,,,,,,,,,,,,,,,,455.15,241.72
2014_3,449.84,565.74,435.25,543.42,757.02,645.24,470.03,775.88,465.81,574.92,785.42,343.44,1143.01,344.94,554.77,736.33,450.44,1040.87,945.81,535.89,877.7,914.99,588.62,509.42,877.11,,,,,,,,,,,,,,,,,,,,,,,,,,,653.32,316.88
2014_4,516.7,475.42,804.0,586.38,712.45,1117.39,421.2,600.24,634.3,646.33,801.99,905.52,563.64,779.11,827.47,615.27,766.05,537.24,727.44,650.92,1093.66,421.27,572.39,592.71,799.22,,,,,,,,,,,,,,,,,,,,,,,,,,,686.72,546.0
2014_5,823.11,695.52,1131.4299999999998,597.41,1062.88,808.44,339.82,790.37,506.62,694.12,559.02,1018.07,662.26,711.73,788.33,532.02,776.11,482.36,595.97,656.83,589.26,458.88,582.24,570.86,1133.05,,,,,,,,,,,,,,,,,,,,,,,,,,,702.63,617.1999999999999
2014_6,810.94,637.12,480.92,1062.83,472.85,697.61,694.87,602.92,965.29,450.42,846.96,818.75,816.3100000000001,898.1599999999999,633.43,907.52,550.1200000000001,532.47,1002.62,965.17,920.63,702.68,628.12,795.27,1005.86,,,,,,,,,,,,,,,,,,,,,,,,,,,756.05,704.56
2014_7,618.57,426.33,856.37,1084.58,442.31,414.29,552.8,612.25,570.67,740.93,842.97,326.54,473.75,490.25,470.42,900.27,669.29,676.89,744.03,783.7000000000002,614.05,617.98,705.07,541.56,678.59,,,,,,,,,,,,,,,,,,,,,,,,,,,634.18,641.99
2014_8,516.04,682.09,283.68,423.85,451.91,539.46,554.32,530.96,503.48,448.23,443.59,511.3,390.04,555.56,605.76,710.22,412.27,554.8,769.75,510.48,525.96,540.89,698.75,589.05,555.23,,,,,,,,,,,,,,,,,,,,,,,,,,,532.25,554.49
2014_9,280.82,230.31,174.86,275.22,329.95000000000005,243.01999999999998,234.55,376.3,141.42,367.3,304.03,425.24999999999994,341.87,208.84,216.86,259.55,308.25,346.4,391.31,292.74,300.27,266.36,412.7,302.58,384.61,,,,,,,,,,,,,,,,,,,,,,,,,,,296.60999999999996,302.24
2014_10,171.1,251.67,209.11,326.76,180.58,214.66,224.76,240.42,172.9,219.56,246.48999999999998,123.45,211.72,379.13,274.99,289.71,134.03,247.8,180.35,169.88,216.71,224.25,208.79,186.45,266.44,,,,,,,,,,,,,,,,,,,,,,,,,,,222.87000000000003,196.08
2014_11,247.05,155.95,262.49,279.94,185.37,195.91,194.47,258.2,331.05,260.11,414.32,268.68,337.95,163.89,227.38,227.45,218.0,209.23,260.31,234.07,282.51,291.49,257.0799999999999,233.41,161.53,,,,,,,,,,,,,,,,,,,,,,,,,,,246.28,98.85000000000001
2014_12,228.66000000000003,214.14,238.26,275.68,358.9,380.03,289.92,263.52,349.07,354.36,261.65,231.76,414.87,361.07,401.54,179.71,315.02,312.57,330.07,206.47,295.45,422.4,242.8,143.7,290.23,,,,,,,,,,,,,,,,,,,,,,,,,,,294.53,146.68000000000006
2015_1,508.32,412.62,310.88,285.99,467.77,353.55,420.18,285.69,364.99,367.57,394.69,453.86,431.5,339.01,394.27,262.22,411.81,536.82,268.54,324.4,360.86,271.02,429.04,296.57,326.25,,,,,,,,,,,,,,,,,,,,,,,,,,,371.16,160.34000000000003
2015_2,546.38,278.39,450.71,346.93,506.98,437.23,334.63,527.66,584.49,564.72,472.97,372.95,510.85,429.22,796.65,638.24,529.12,707.01,475.03,493.72,485.47,399.34,433.61,344.92,321.78,,,,,,,,,,,,,,,,,,,,,,,,,,,479.53,243.13000000000005
2015_3,376.66,455.86,576.59,473.38,456.48,606.77,532.2,631.68,853.01,637.05,465.01,435.68000000000006,831.3,488.17,554.61,863.93,541.83,537.57,371.2,402.55,619.22,553.72,504.07,655.3,507.72,,,,,,,,,,,,,,,,,,,,,,,,,,,557.28,391.1700000000001
2015_4,934.22,507.64,993.9,894.23,819.42,859.53,922.13,1239.8599999999997,838.69,939.53,1069.48,875.63,714.8,685.41,529.71,463.44,678.62,665.32,874.49,1166.48,1219.29,701.91,725.79,738.57,1051.13,,,,,,,,,,,,,,,,,,,,,,,,,,,844.3299999999999,472.0400000000001
2015_5,1009.97,607.8,506.59,648.49,907.98,615.81,801.2200000000001,737.14,1202.74,729.54,1094.52,1015.09,596.08,604.63,1142.9,718.13,639.32,826.3,719.56,650.89,1079.34,866.44,873.88,1036.57,672.18,,,,,,,,,,,,,,,,,,,,,,,,,,,812.15,430.44
2015_6,988.7,879.88,864.02,979.41,605.76,500.52,894.93,837.56,1014.53,875.78,538.15,976.1100000000001,670.31,988.98,809.41,686.72,641.78,564.2,822.0,631.03,1076.5,923.64,759.86,758.2100000000002,1151.08,,,,,,,,,,,,,,,,,,,,,,,,,,,817.61,461.32000000000005
2015_7,549.98,432.11,629.68,499.9,451.42,811.04,569.61,686.99,887.59,408.61,341.14,980.62,672.84,663.23,343.6,918.42,608.14,579.77,849.94,563.84,613.38,370.42,623.97,595.89,441.22,,,,,,,,,,,,,,,,,,,,,,,,,,,603.7299999999999,483.28000000000003
2015_8,630.37,461.55,388.99,381.51,775.63,511.06,729.71,736.58,528.92,478.26,410.7,562.62,290.08,430.49,474.54,589.4199999999998,602.84,438.2,269.31,521.86,354.89,547.92,384.3,389.17,597.92,,,,,,,,,,,,,,,,,,,,,,,,,,,499.4899999999999,343.04
2015_9,453.3,451.03,331.87,355.94,515.25,409.74,347.2,353.75,334.14,348.72,416.39,352.71,573.67,290.05,327.04,476.69,412.23,334.87,504.31,268.4,326.87,351.36,397.56,260.59,322.31,,,,,,,,,,,,,,,,,,,,,,,,,,,380.57000000000005,238.46999999999997
2015_10,266.03,329.53,238.4,212.62,202.33,244.47,330.68,346.48,374.77,289.86,244.57,261.7,354.05,180.51,398.11,290.93,277.45,440.94,413.82,391.66,241.26,334.04,295.35,336.16,235.6,,,,,,,,,,,,,,,,,,,,,,,,,,,301.24000000000007,256.90999999999997
2015_11,417.04,315.71,461.8500000000001,393.37,269.6,311.68,488.87,194.21,325.64,298.56,407.23,315.22,323.19,349.7,209.9,287.89,407.5,413.27,385.64,314.15,298.43000000000006,370.48,548.02,446.9,359.38,,,,,,,,,,,,,,,,,,,,,,,,,,,356.57000000000005,226.75
2015_12,402.05,174.96,424.92,445.04,259.02,402.76,204.32,292.71,277.14,300.59,323.31999999999994,381.12,219.46,415.4,358.85,514.46,275.07,329.81,294.45,444.97,378.08000000000004,360.89,257.19,408.23,407.39,,,,,,,,,,,,,,,,,,,,,,,,,,,342.12,208.06
2016_1,376.19,244.83,349.65,360.08,384.5,461.15,343.54,499.63,403.36,363.11,384.17,399.46,314.62,390.38,308.67,547.23,342.4,233.51,486.85,425.12,294.69,445.93,431.01,220.63,435.73,,,,,,,,,,,,,,,,,,,,,,,,,,,377.85999999999996,254.5
2016_2,230.95,408.24,373.38,390.38,575.37,492.69,436.08,491.64,572.39,388.74,484.41,307.2,436.42,287.87,409.86,322.26,419.03,471.32,349.66999999999996,534.07,384.77,461.87,482.93,341.41,423.18,,,,,,,,,,,,,,,,,,,,,,,,,,,419.03,298.89
2016_3,651.78,593.99,745.0,748.61,496.25,434.94,701.69,555.3,600.68,691.36,576.02,719.75,652.44,705.1,851.08,845.66,563.87,918.0,816.59,562.7,671.31,769.94,495.54,935.7,399.59,,,,,,,,,,,,,,,,,,,,,,,,,,,668.17,663.0999999999999
2016_4,681.55,973.91,883.0,629.19,719.02,738.24,737.92,750.93,569.19,854.51,814.08,491.09,1088.21,902.1099999999999,972.27,1614.12,485.25,757.57,834.79,618.72,609.27,439.84,1026.3200000000002,793.14,674.05,,,,,,,,,,,,,,,,,,,,,,,,,,,786.3700000000001,742.9299999999998
2016_5,913.4,982.84,594.35,1337.05,695.6800000000001,818.81,912.55,908.4899999999999,903.95,924.76,911.54,756.27,906.84,1317.08,642.35,602.04,438.36,769.28,796.11,645.22,995.22,766.64,707.77,1003.39,911.32,,,,,,,,,,,,,,,,,,,,,,,,,,,846.47,721.1899999999998
2016_6,870.18,1096.64,950.76,943.67,760.42,646.04,929.39,724.53,582.22,818.36,598.68,409.74,756.8,966.79,1011.87,685.41,470.74,604.65,760.92,1095.36,1111.07,652.47,680.19,880.37,449.04,,,,,,,,,,,,,,,,,,,,,,,,,,,778.2799999999999,733.4099999999999
2016_7,1165.49,828.11,918.03,803.6,857.22,948.83,585.79,688.39,677.11,514.81,523.34,517.11,993.7,716.89,787.53,585.71,523.53,615.01,805.85,551.63,1166.67,910.47,761.99,588.3,941.94,,,,,,,,,,,,,,,,,,,,,,,,,,,759.1,700.5899999999999
2016_8,408.96,435.99,272.81,453.36,615.12,450.19,439.51,693.96,459.21,313.9,460.4,365.84,597.28,478.47,346.6,470.49,235.41,665.26,575.23,575.9,561.43,478.7,168.3,393.49,520.06,,,,,,,,,,,,,,,,,,,,,,,,,,,457.49,341.33000000000004
2016_9,205.62000000000003,184.26,321.56,216.22,340.2,246.92,308.69000000000005,298.51,211.8,356.78,196.72,206.47,384.51,254.96,248.22,462.05,277.54999999999995,261.21,289.08000000000004,466.93,367.56,399.48,226.55,341.77,437.93,,,,,,,,,,,,,,,,,,,,,,,,,,,300.42,246.66
2016_10,362.62,348.2,369.21,339.15,202.98,195.79,228.1,177.37,249.43,225.77,208.62,256.11,145.42,272.53,247.24,368.67,272.54,257.31,270.43,152.66,182.78,242.73,278.1,270.82,254.01,,,,,,,,,,,,,,,,,,,,,,,,,,,255.2,192.56
2016_11,203.0,230.23,110.82,203.71,197.58,361.6,150.51,245.51,256.51,219.17,200.76,185.04,232.96,222.83000000000004,312.94,334.02,229.20000000000002,207.28,202.82,110.42,244.61,193.07,463.04,212.48,141.56,,,,,,,,,,,,,,,,,,,,,,,,,,,226.92000000000002,130.56
2016_12,231.95,312.61,314.52,349.81,194.45,337.87,242.46,172.91,354.5,245.11,340.7,324.99,285.72,370.89,520.48,204.33,270.34,271.26,314.33,301.01,348.04,249.51,302.47,366.68,367.17,,,,,,,,,,,,,,,,,,,,,,,,,,,303.75,183.08
2017_1,296.94,426.86,293.62,274.43,242.26,343.22,300.89,300.85,375.66,303.16,399.98,337.28,455.28,319.02,321.49,336.31,404.69,265.21,220.60000000000002,321.93,474.13,224.66,247.5,273.63,346.39,345.39,185.31000000000003,350.36,360.82,383.09,399.73,575.93,265.08,223.1,246.58,406.52,244.21,362.41,314.81,309.77,331.37,343.07000000000005,292.9,388.63,229.68,474.11,272.18,361.09,384.57,351.45,441.91,332.33000000000004,150.39
2017_2,364.48,384.24,373.56,398.78,326.44,271.74,485.74,347.74,352.6,621.63,402.01,267.33,466.96,368.76,294.73,733.38,519.07,382.83000000000004,338.57,641.72,382.32,455.37,525.49,300.6,283.41,394.38,283.26,443.13,384.27,397.98,423.72,623.53,414.88,444.59,389.38,617.43,415.66,420.89,364.71,419.04,476.77,332.37,424.94,507.47,325.5,642.84,388.74,383.78,429.44000000000005,674.71,397.03,425.74,214.38
2017_3,576.49,796.19,781.06,586.69,695.25,666.84,824.71,257.96,887.76,730.85,592.33,586.09,516.55,450.13,902.25,524.08,615.44,559.66,690.53,425.27,935.9900000000001,652.3,742.68,452.92,536.66,561.91,474.79999999999995,425.18,530.12,850.85,512.7,686.41,579.09,533.05,771.04,747.43,566.99,504.95,361.87,444.44,529.1,451.29,622.79,571.23,572.84,825.75,489.66,688.65,853.72,598.66,478.96,612.1099999999999,631.3
2017_4,995.44,703.16,777.54,648.8,1087.58,618.34,794.96,494.67,715.7,490.93,551.53,624.92,701.05,881.22,797.17,943.46,476.8,676.44,743.75,1043.26,948.45,618.05,672.86,1010.82,807.26,684.01,913.31,531.71,855.0599999999998,492.67,830.09,749.81,763.4,1015.85,808.92,603.35,893.32,845.99,659.66,1262.89,884.51,523.71,561.01,425.59,652.0,686.2,605.44,596.79,758.36,587.31,993.57,745.28,862.88
2017_5,887.66,933.45,561.46,878.1,697.31,1031.1,1152.73,1210.11,573.47,598.9799999999999,723.0799999999999,847.13,833.7500000000001,726.84,807.67,937.8600000000001,909.35,894.25,694.3999999999999,939.51,695.11,495.76,850.48,636.09,830.58,724.82,847.77,1020.13,623.11,824.7,822.94,602.85,762.26,840.41,981.86,950.17,585.48,468.65,874.25,846.47,1227.61,664.16,1050.08,1196.22,834.64,493.71,829.94,1114.4,887.62,894.37,756.66,824.89,837.47
2017_6,526.14,760.85,1029.63,875.12,1154.24,728.27,1107.83,862.54,873.3,637.22,713.01,802.51,362.38,839.64,635.27,501.8,656.0,905.99,722.75,765.22,647.06,591.16,976.1999999999999,784.45,761.96,647.67,1148.51,945.59,893.52,1085.19,1197.01,686.34,1048.5,663.02,601.7,824.53,792.41,941.35,900.95,967.64,736.09,881.35,820.06,1379.04,674.9,1063.16,634.75,862.39,467.05,437.11,903.79,812.23,846.88
2017_7,1000.19,1028.64,860.37,895.98,766.44,814.2,578.04,943.76,705.09,1129.58,822.33,645.14,943.67,607.93,680.66,824.77,493.91,859.83,655.06,507.34,793.3,773.66,767.68,805.15,555.13,675.92,1231.08,618.79,650.2,702.49,779.02,472.18,1011.26,470.98,1184.73,769.5,696.04,785.98,684.02,865.87,833.48,553.5,713.95,706.1,880.55,685.12,614.83,955.14,504.69,982.24,631.83,767.0399999999998,797.2900000000001
2017_8,557.6,516.63,577.89,535.85,633.64,616.51,414.6,745.53,223.44,487.36,576.49,472.22,527.77,484.53,351.0,592.82,562.27,675.02,438.77,824.6,649.71,484.63,581.35,310.64,504.33,467.6,791.8,374.33,630.4,536.16,651.73,618.0,258.53,483.12,492.29999999999995,614.64,367.91,512.8900000000001,830.52,590.83,524.84,419.84,263.23,452.82,316.59,558.75,433.42,328.69,543.66,670.6,621.64,523.4399999999999,373.98
2017_9,315.43,297.76,303.75,282.94,224.19,251.3,132.77999999999997,337.44,244.19,272.32,314.80000000000007,227.38,189.84,224.39,329.73,134.32,332.72,315.37,273.1,370.69,277.76,74.25,332.0,195.49,271.5,250.66,269.61,227.78,203.85,263.84,178.52,249.56,294.55,321.39,439.72,183.75,207.25,245.04,197.1,279.78,244.76,235.48,201.59,194.54,334.17,283.97,234.07,281.56,420.86,203.44,238.27,259.00999999999993,129.1
2017_10,296.73,252.73,257.47,204.9,394.73,223.34,177.83,239.28,235.77,310.35,264.38,233.57,280.01,179.06,383.31,227.94,204.42,232.33,375.0,220.51,184.94,223.46,306.91,185.92,267.23,242.71,227.4,258.47,235.81,191.68,251.32,282.53,240.97,263.32,329.96,191.91,197.29,239.4,321.03,259.18,332.82,200.17,213.28,365.9,232.53,225.46,219.0,207.53,335.57,286.86,301.19,255.15999999999997,115.19
2017_11,273.7,252.06,196.4,231.79,218.36,290.74,308.49,213.74,243.67,264.5,249.85,250.98,349.06,259.06,325.28,293.08,297.63,414.4100000000001,349.59,220.17000000000002,252.13,284.16,214.24,275.81,341.32,285.17,319.35,174.45,327.27,411.25,259.5,232.79,284.04,319.67,221.39,423.05,280.81,194.56,183.07,388.74,213.31,312.44,184.41,264.49,267.09,341.55,187.36,315.0,240.41000000000003,260.73,197.46,273.77,155.47
2017_12,282.04,187.1,376.33,213.6,229.45,244.97,210.82,330.61,212.41,365.3,365.07,326.74,299.59,444.05,391.69999999999993,304.73,196.7,240.09,235.19,262.36,259.56,170.36,406.07,271.62,254.67,317.16,362.06,269.2,240.62,406.27,342.43,302.81,197.7,391.13,207.45,340.73,196.0,245.52,223.36,243.06,282.12,381.37,253.02000000000004,334.0,371.13,304.09,310.08,290.91,154.58,339.78,221.76,286.47999999999996,261.75
2018_1,330.99,371.13,244.47,235.7,306.0,209.47,394.37,317.06,382.81,237.9,297.79,387.46,351.87,342.12,468.39,431.38,375.84,399.82,453.12,311.44,377.37,590.42,458.55,296.69,393.62,368.66,504.2,171.86,310.48,264.54,436.45,355.11,461.1,430.9,426.58,245.39,341.26,301.02,183.89,187.04,291.74,340.34,345.07,296.09,295.49,350.68,256.89,301.31000000000006,290.63,326.29,367.41,341.48,428.39000000000004
2018_2,751.8400000000001,299.24,332.13,428.33,270.19,296.22,381.93,383.39,453.62,324.54,412.44,355.89,404.16,323.74,376.15,391.76,367.0,835.79,568.22,468.13,401.24,495.8299999999999,398.21,367.55,432.56,237.1,535.06,561.88,575.24,314.4,275.72,635.17,615.76,410.34,456.05,313.43000000000006,421.17,460.39,436.95,504.74,550.36,584.3,563.16,571.57,496.9,506.03,432.33,842.28,349.5,473.85,402.86,451.87999999999994,513.19
2018_3,497.25000000000006,735.69,547.78,594.59,603.15,538.76,890.54,807.72,779.9,580.74,602.68,435.85,618.72,421.74,506.79,882.53,679.35,517.18,459.16,443.07,550.74,739.6,811.68,706.67,707.76,576.95,500.04,923.55,668.67,729.24,578.94,1006.51,420.26,669.07,513.92,505.25,603.24,716.14,519.34,789.5,760.54,574.75,419.57,771.85,776.84,616.74,773.95,863.77,784.62,548.35,614.87,644.8699999999999,695.92
2018_4,506.32,657.41,599.73,644.22,625.74,814.37,698.82,1005.24,621.6,725.68,362.67,929.94,454.33,674.7,684.62,844.6,622.27,737.15,715.8200000000002,765.12,835.25,647.83,840.49,944.3800000000001,497.3,787.92,1037.77,1168.62,637.29,856.61,680.91,637.12,620.68,658.02,668.75,964.33,868.31,692.44,626.49,1054.31,573.76,724.54,812.1,923.57,734.03,1112.63,951.58,529.56,440.49,680.73,728.16,737.7599999999999,950.1899999999999
2018_5,776.42,519.93,572.21,939.22,1290.96,443.64,355.6,439.39,984.31,716.28,615.47,498.69,1105.63,763.8,735.48,735.23,1053.73,488.38,627.09,818.11,873.28,615.36,921.8,1076.13,536.12,1045.64,834.04,372.16,1191.87,1075.58,1121.62,626.09,768.57,860.85,1147.08,674.45,923.66,690.26,757.97,608.53,915.28,1054.07,813.12,1010.14,676.6,571.83,596.04,562.35,608.53,776.0,857.55,777.3,991.5400000000001
2018_6,744.2,609.59,887.84,586.93,758.91,786.46,600.73,807.13,844.24,908.54,648.25,483.16,423.47,752.34,656.34,720.61,806.56,959.04,826.7,785.34,411.19,485.98,1081.97,664.98,896.43,815.52,679.18,284.36,866.16,597.22,639.3,777.74,824.74,792.08,638.12,659.2,556.46,775.28,654.44,653.94,574.06,653.53,547.42,359.45,651.74,710.25,640.99,857.8,647.69,514.92,717.38,690.6400000000001,927.3000000000001
2018_7,637.89,513.66,569.95,626.03,683.27,602.93,633.99,400.65,636.93,644.71,972.25,1161.17,574.46,861.75,652.49,460.99,1109.06,638.75,427.06,346.3,523.03,762.46,543.98,812.09,405.45,641.96,606.27,372.94,587.02,573.42,524.81,828.11,804.76,668.23,585.28,406.35,482.76,603.55,608.11,472.69,556.05,588.09,479.51,445.74,633.63,324.57,546.82,664.3,494.33,562.57,573.55,604.6199999999999,889.47
2018_8,320.97,465.89,345.51,263.0,421.07,567.53,646.58,345.85,462.78,323.09,303.44,666.47,331.49,277.87,365.02,297.38,284.3,250.66,552.48,560.0,520.67,575.88,469.14,284.55,422.03,617.9100000000001,280.77,349.26,338.5,354.38,302.11,606.99,267.15,506.18,367.78,640.58,264.37,762.8400000000001,391.54,586.3,489.05,445.1,290.6,442.32,448.67,367.69,545.31,601.82,220.83,291.06,579.65,425.15,710.1000000000001
2018_9,255.9,290.96,565.79,241.95000000000002,519.22,278.57,481.48,424.21,345.38,304.89,325.4,351.12,327.47,273.78,260.0,260.53,339.16,383.29,471.13,426.13,390.96,300.46,232.77,262.64,404.76,305.67,487.05,406.39,373.0,282.51,332.27,469.25,341.96,316.66,352.69,575.61,221.93,365.31,405.83,499.36,371.74,290.18,313.05,558.25,256.5,555.43,239.73,277.65,277.03,257.5,243.94,354.75999999999993,384.15000000000003
2018_10,432.55,183.19,285.68,356.61,253.26999999999998,371.58,286.96,370.48,180.16,290.14,441.13,149.16,279.78,390.09,237.39,291.66,170.48000000000002,151.39,229.92,239.57,370.47,224.47,334.87,253.3,357.9,255.56,338.93,218.12,241.59,198.67,286.04,437.05,223.65,265.42,336.02,353.63,159.32,251.7,189.39,353.71,296.01,212.48,475.47,423.1,229.44,262.26,258.74,292.28,199.6,329.01,280.1,284.23999999999995,248.31000000000006
2018_11,324.63,181.84000000000003,284.31,183.9,324.43,207.51,367.49,288.54,340.29,438.82,235.58,433.43,213.7,257.26,313.17,243.37,361.15,242.49,257.21000000000004,261.02,293.2,343.5,213.65,282.77,317.73,263.39,273.19,377.86,295.78,374.72,235.94,139.04,260.14,270.24,167.08,328.2,292.06,295.82,246.95,221.46,195.47,281.75,254.82,251.48,191.81,292.79,155.62,323.48,263.02,250.92,155.81,271.99,175.73999999999998
2018_12,337.07,428.61,262.15,304.89,326.51,478.19,332.82,308.51,318.18,264.47,371.22,339.82,234.26000000000002,304.82,296.27,266.83,322.64,244.98,254.78,276.53999999999996,325.35,301.67,200.68,316.41,339.92,264.67,352.27,486.49,262.22,277.39,377.89,249.98,250.5,287.95,419.71,499.7,282.71,334.14,448.98,382.39,218.53,279.09,333.74,514.94,410.73,559.44,245.97,291.8,323.38,257.42,304.4,326.97,178.51999999999998
2019_1,314.32,467.23,390.31,259.15,287.79,375.29,281.3,509.01,380.59,394.9,308.29,332.56,288.81,485.2,435.99,364.43,449.21,260.72,429.8,410.56,434.48,432.84,413.37,368.95,423.0,431.73,450.04,254.75,446.18,451.32,474.3,357.97,373.31,326.63,324.33,230.32,309.36,332.27,235.37,306.16,345.58,303.16999999999996,293.08000000000004,260.69,373.44999999999993,368.06999999999994,281.86,432.3,354.88,384.72,391.58,364.49,170.17999999999998
2019_2,367.04,393.24,370.31,427.26,612.36,413.88,492.17,932.3,526.92,611.06,652.04,625.44,372.24,390.66,605.45,704.7,486.95,607.58,533.47,703.24,563.27,373.5,486.36,481.27,443.04,605.35,422.41,448.13,527.77,526.52,372.26,428.36,800.08,492.6,443.81,572.04,497.88,529.71,483.63,316.45,595.38,511.31,490.48,403.12,589.85,364.63,528.48,528.83,499.11,516.87,497.12000000000006,513.0600000000001,259.72999999999996
2019_3,739.47,614.38,825.57,550.4,857.06,733.79,340.38,675.6,637.98,558.35,708.27,675.36,766.26,513.34,749.38,427.91,620.56,767.2,598.66,570.21,782.91,783.41,517.1,853.72,957.7100000000002,825.53,624.3,744.67,603.76,742.15,1003.06,531.19,575.21,755.87,588.71,576.77,524.6,842.31,472.52,631.06,545.88,509.31,751.3499999999999,978.2799999999999,500.01,549.54,470.31,564.2,538.0999999999999,793.95,512.1099999999999,658.4599999999999,398.24
2019_4,744.53,853.12,716.71,703.28,1347.64,536.71,1037.9,740.2,600.98,866.12,929.99,968.8900000000001,503.88,633.13,767.52,735.73,772.12,779.36,771.69,717.38,588.72,764.41,875.65,738.62,789.25,496.37,604.21,632.19,748.41,594.94,894.83,685.73,790.27,1142.12,496.38,904.1,770.67,882.86,758.99,685.7,659.51,822.3800000000001,823.93,627.15,684.7,691.44,747.8,546.44,842.78,1047.21,778.96,761.61,476.96
2019_5,860.38,721.46,451.44,759.33,676.03,651.57,933.06,884.41,1175.26,779.63,806.61,363.88,822.86,463.79,638.07,701.12,1208.67,511.31,684.21,482.8,751.36,540.87,387.05000000000007,836.99,705.43,883.79,840.74,674.31,732.02,791.94,985.04,534.94,744.75,745.35,586.45,767.6,882.48,1123.22,902.13,902.4,979.09,773.84,594.12,607.7800000000001,789.24,887.57,526.72,560.18,1177.11,538.83,698.58,745.59,596.0699999999999
2019_6,463.81,1029.6,1133.36,583.99,976.56,967.01,712.8,892.09,490.73,832.76,975.08,826.13,555.15,740.28,670.46,953.4800000000001,750.16,744.67,598.07,593.52,1007.5400000000001,1339.37,756.55,628.8,1007.45,686.59,936.62,679.22,917.0,756.81,1020.74,764.13,598.96,990.24,623.87,841.47,701.68,718.76,1224.47,746.8099999999998,897.73,709.88,594.9700000000001,595.57,801.09,666.51,830.33,748.97,413.45,967.96,777.39,792.9899999999999,660.7900000000001
2019_7,602.31,821.07,422.47,570.37,791.22,621.71,619.78,388.06,759.62,458.08,746.09,549.51,350.43,464.45,805.24,519.51,970.8500000000001,452.4,723.71,470.02,638.3,706.04,786.17,438.66,413.09,592.25,357.71,375.6,749.47,639.79,520.64,795.68,798.18,463.13,447.66,364.11,631.63,519.71,672.18,634.31,818.8,365.88,820.21,354.16,781.82,558.01,692.66,420.89,557.45,584.15,514.51,590.5700000000002,639.6800000000001
2019_8,426.67,336.28,413.7,318.35,530.15,310.02,466.56,319.71,652.0,671.66,542.27,686.17,379.86,648.19,702.0,283.0,590.06,430.76,597.06,504.29,564.84,517.46,277.71,371.51,510.49,688.69,457.92,490.82,475.12,490.67,611.88,357.88,280.43,401.81,491.09,314.18,773.32,677.85,615.91,615.28,497.2,742.26,288.07,399.0,295.74,401.34,594.54,764.72,651.13,257.01,348.36,490.7900000000001,474.96000000000004
2019_9,411.9,515.9,397.95,443.37,644.32,457.80999999999995,627.14,242.39,393.62,325.49,398.82,421.2,451.62,588.35,368.01,483.02,490.41,539.47,471.92,559.41,531.39,340.48,302.21,308.45,256.7,584.63,392.11,610.05,491.41,547.35,455.01,285.68,353.18,289.49,389.95,353.46,489.42,483.34,571.14,283.25,472.45,276.46,515.12,432.91,365.83,351.4,479.2,413.01,517.43,313.31,471.45,434.37000000000006,421.84
2019_10,383.77,402.97,371.68,405.16,404.25,360.0,288.04,473.5,430.82,433.9,455.02,333.38,387.63,384.46,390.96,417.28,415.61,570.9500000000002,311.94,459.3,456.13,407.51,335.01000000000005,359.36,482.36,361.19,320.19,385.03,435.25,394.34,403.85,428.8,362.61,364.86,412.04,395.94,400.9700000000001,388.46,350.73,314.39,504.51,341.79,320.8,356.04,328.76,392.19,347.27,412.46,347.3,405.8,418.6,392.45,299.70000000000005
2019_11,225.54,201.64,185.94,243.15,216.58,349.22,292.8,279.99,273.76,305.32,234.51,294.07,295.28,184.52,319.63,348.88,372.9200000000001,294.0,298.67,363.2,392.91,300.29,286.02,313.15,399.78,239.56,276.02,243.5,248.78000000000003,374.38,338.89,292.49,300.1,322.1,307.91,382.58,295.28,342.63,328.96000000000004,295.19,266.30000000000007,440.39,274.13,170.03,223.26,452.59,379.35,315.27,274.76,270.57,336.31,299.28000000000003,236.3
2019_12,268.5400000000001,271.88,307.2,279.77,250.7,435.9,335.63,254.51,313.23,296.62,221.16,328.19,303.0,395.04,299.6,518.97,270.65,321.72,263.41,333.81,369.05,546.85,279.13,319.99,324.78,368.57,364.49,333.91,270.06,193.04,335.28,217.32,315.31,296.72,341.24,296.68,435.07,289.0400000000001,369.07,384.4,449.2,260.54,299.79,119.9,383.8,264.35,488.33,399.11,252.24,255.85,365.44,322.71,195.69000000000005
2020_1,406.35,392.81,400.68,508.79,525.74,353.46,435.72,387.56,403.42,430.71,543.14,422.09,472.82,284.35,421.51,361.45,491.32,460.37,527.75,369.05,350.4,328.65,576.72,652.94,315.43000000000006,600.9,516.88,321.61,292.82,437.33,328.06,442.89,471.83,318.48,332.11,471.36,287.01,509.1,334.68,441.32,386.38,443.39,659.02,341.69,583.07,421.43,399.79,447.7,457.38,449.39,438.79,430.47,292.44000000000005
2020_2,757.74,393.47,581.0,598.07,425.97,364.87,537.88,455.62,377.99,628.07,283.88,414.29,562.95,432.26,384.99,274.0899999999999,510.46,443.08,368.1,555.63,523.73,659.29,759.05,471.88,436.96,529.56,503.44,449.32,673.12,527.39,404.75,719.14,414.87,702.28,355.48,421.75,498.18,604.55,349.56000000000006,471.29,590.72,321.02,458.09,539.81,501.47,220.37,528.61,606.09,702.78,458.29,489.65,494.9,310.18000000000006
2020_3,439.04,915.16,535.38,785.23,803.75,825.32,668.1,510.37,850.67,595.72,702.08,771.42,520.88,469.42,1204.37,700.99,701.04,657.94,609.6899999999999,499.62,714.77,997.52,780.72,708.7,797.46,451.41,764.61,532.6,733.13,538.82,848.24,571.76,843.03,986.25,678.78,457.45,562.27,535.25,705.62,545.6,437.68,685.29,535.16,634.76,646.68,630.9,538.46,424.43,837.07,533.51,576.95,666.66,519.23
2020_4,624.57,522.61,874.27,601.53,728.94,698.46,702.41,647.58,765.15,914.05,507.6,834.71,1064.66,599.51,645.05,918.47,809.66,830.28,1068.58,791.05,592.74,897.98,692.01,818.88,830.64,1445.0,769.63,1130.67,668.41,728.52,768.73,544.11,711.55,1104.04,743.79,690.75,836.4,720.97,935.13,508.7,641.91,796.67,486.63000000000005,808.68,683.79,692.47,712.1,782.74,660.75,635.07,809.9,764.6899999999999,1010.24
2020_5,414.79,884.7099999999999,866.12,739.69,599.62,410.87,1236.48,500.6,910.92,817.42,795.24,804.29,820.38,832.33,770.07,593.3,1027.45,1103.2,833.69,618.87,549.88,560.15,601.95,1269.81,746.12,854.65,816.07,926.57,1271.6,827.95,607.0,1079.56,470.57,912.69,905.52,996.93,688.84,1139.27,538.3299999999999,843.97,808.79,1258.09,797.64,963.58,1161.23,1096.65,778.46,703.52,941.17,644.62,645.67,823.28,1199.07
2020_6,583.65,560.42,779.38,827.05,633.27,666.09,1092.37,870.3299999999999,735.97,430.91,846.88,746.7,851.41,628.19,922.37,671.68,619.37,1331.04,845.38,675.32,922.67,746.99,756.58,911.7600000000001,992.87,766.24,766.53,542.76,1158.48,705.92,1016.86,612.58,504.1,1011.49,840.82,736.49,1069.94,733.81,822.1,877.89,716.07,713.39,1140.35,810.22,499.82,801.42,635.68,392.48,911.54,710.35,1148.57,790.0600000000001,1096.2
2020_7,754.49,561.03,820.36,646.89,493.48,422.37,519.42,516.7,526.11,792.22,526.46,769.69,1039.52,517.91,841.61,671.77,301.39,522.0,575.34,737.72,893.26,609.97,600.24,632.89,609.78,869.5,528.34,559.27,562.06,688.55,532.36,534.09,585.98,909.98,608.19,350.33,575.43,616.12,592.87,462.21000000000004,697.02,988.81,639.76,644.72,601.67,596.11,611.72,462.37,786.6999999999999,673.48,623.88,631.47,1042.01
2020_8,561.23,744.47,419.85,604.39,468.9,725.07,617.44,654.62,835.74,544.76,568.4,498.56,665.22,791.97,507.53,578.01,546.94,677.0,598.74,902.83,493.28,624.41,448.51,706.54,635.78,341.17,482.96,541.28,679.63,649.4,699.65,410.02,480.73,788.76,660.63,423.8,559.6800000000001,636.37,538.71,559.4,639.39,442.19,650.3,621.1800000000001,752.49,488.3,537.65,828.18,683.56,618.0,682.03,604.1899999999999,782.8199999999999
2020_9,316.56,735.5,342.18,428.17,237.55,285.41,368.18,348.18,433.6,378.19,318.99,485.63,369.03,342.04,430.61,339.37,262.26,455.09,372.41,298.81,269.06,411.75,364.38,464.58,560.04,371.07,647.08,336.4,253.64,434.75,359.01,323.96,385.1,308.01,313.0199999999999,448.2,385.18,448.57,410.96,418.59,395.1,513.26,683.76,322.92,435.88,470.29,622.1,473.29,303.58,720.6,541.28,410.71000000000004,276.93000000000006
2020_10,158.97,140.18,150.73,320.96,299.98,270.96,243.65,217.68,211.96,160.11,210.51,293.03,279.48,102.33,179.93,192.61,182.85,200.45,235.16,165.73,266.98,205.35,257.86,211.03000000000003,231.55,318.94,215.37,271.5,270.81,207.52,98.33,217.59,295.03999999999996,261.68,325.41,242.02,173.69,229.59,228.61,212.02,129.36,252.74,203.91,277.13,127.53,173.12,127.16,214.06,245.31,339.49,234.57,221.20999999999998,65.85999999999999
2020_11,261.9,314.37,265.44,128.43,224.53,240.91,234.26,232.1,252.91,280.64,195.95,167.53,193.77,269.15,169.68,235.89,324.23,202.1,305.28,156.77,237.45,336.48,184.28,120.57,353.59,269.15,241.02,263.41,179.95,196.07,246.26,306.68,209.19,389.73,308.19000000000005,257.52,285.99,185.07,217.72,216.84,203.86,192.6,271.11,153.09,293.12,189.08000000000004,306.92,203.9,219.66,297.2,166.31000000000003,238.37,152.21999999999997
2020_12,324.44,248.45,215.7,276.56,306.51,262.85,225.98,412.6,302.5,158.07,202.44,310.01,260.25,353.76,335.23,195.64,182.15,320.71000000000004,404.88,360.87,230.68,180.26,217.92,271.17,175.63,300.41,201.58,267.79,426.98,325.74,393.22,286.82,334.14,412.69,236.46,265.33,222.68,274.74,371.74,304.49,297.58,288.93000000000006,307.8,257.28,206.91,121.26999999999998,166.84,309.22,463.22,356.72,265.83,282.35,216.09
